date,variable,value,estimate_type
FY2026,chg_rev_econ_corporate_income,27.757,projected
FY2027,chg_rev_econ_corporate_income,37.525,projected
FY2028,chg_rev_econ_corporate_income,38.942,projected
FY2029,chg_rev_econ_corporate_income,38.133,projected
FY2030,chg_rev_econ_corporate_income,36.671,projected
FY2031,chg_rev_econ_corporate_income,34.258,projected
FY2032,chg_rev_econ_corporate_income,31.566,projected
FY2033,chg_rev_econ_corporate_income,29.34,projected
FY2034,chg_rev_econ_corporate_income,28.425,projected
FY2035,chg_rev_econ_corporate_income,27.795,projected
FY2026,chg_rev_econ_customs,-17.098,projected
FY2027,chg_rev_econ_customs,-19.727,projected
FY2028,chg_rev_econ_customs,-28.84,projected
FY2029,chg_rev_econ_customs,-34.652,projected
FY2030,chg_rev_econ_customs,-38.188,projected
FY2031,chg_rev_econ_customs,-42.426,projected
FY2032,chg_rev_econ_customs,-49.287,projected
FY2033,chg_rev_econ_customs,-55.381,projected
FY2034,chg_rev_econ_customs,-59.272,projected
FY2035,chg_rev_econ_customs,-62.954,projected
FY2026,chg_rev_econ_estate_gift,4.333,projected
FY2027,chg_rev_econ_estate_gift,4.778,projected
FY2028,chg_rev_econ_estate_gift,3.814,projected
FY2029,chg_rev_econ_estate_gift,3.084,projected
FY2030,chg_rev_econ_estate_gift,2.599,projected
FY2031,chg_rev_econ_estate_gift,2.282,projected
FY2032,chg_rev_econ_estate_gift,2.098,projected
FY2033,chg_rev_econ_estate_gift,1.966,projected
FY2034,chg_rev_econ_estate_gift,1.944,projected
FY2035,chg_rev_econ_estate_gift,1.991,projected
FY2026,chg_rev_econ_excise,0.462,projected
FY2027,chg_rev_econ_excise,0.743,projected
FY2028,chg_rev_econ_excise,0.909,projected
FY2029,chg_rev_econ_excise,0.983,projected
FY2030,chg_rev_econ_excise,1.015,projected
FY2031,chg_rev_econ_excise,1.008,projected
FY2032,chg_rev_econ_excise,0.972,projected
FY2033,chg_rev_econ_excise,0.935,projected
FY2034,chg_rev_econ_excise,0.919,projected
FY2035,chg_rev_econ_excise,0.931,projected
FY2026,chg_rev_econ_fed_reserve,0.549,projected
FY2027,chg_rev_econ_fed_reserve,-0.104,projected
FY2028,chg_rev_econ_fed_reserve,-0.263,projected
FY2029,chg_rev_econ_fed_reserve,0.13,projected
FY2030,chg_rev_econ_fed_reserve,2.501,projected
FY2031,chg_rev_econ_fed_reserve,7.287,projected
FY2032,chg_rev_econ_fed_reserve,9.302,projected
FY2033,chg_rev_econ_fed_reserve,11.712,projected
FY2034,chg_rev_econ_fed_reserve,14.333,projected
FY2035,chg_rev_econ_fed_reserve,16.608,projected
FY2026,chg_rev_econ_individual_income,111.645,projected
FY2027,chg_rev_econ_individual_income,132.697,projected
FY2028,chg_rev_econ_individual_income,108.147,projected
FY2029,chg_rev_econ_individual_income,74.711,projected
FY2030,chg_rev_econ_individual_income,55.712,projected
FY2031,chg_rev_econ_individual_income,44.196,projected
FY2032,chg_rev_econ_individual_income,38.766,projected
FY2033,chg_rev_econ_individual_income,35.373,projected
FY2034,chg_rev_econ_individual_income,30.381,projected
FY2035,chg_rev_econ_individual_income,28.023,projected
FY2026,chg_rev_econ_misc_fees,0.0,projected
FY2027,chg_rev_econ_misc_fees,0.0,projected
FY2028,chg_rev_econ_misc_fees,0.0,projected
FY2029,chg_rev_econ_misc_fees,0.0,projected
FY2030,chg_rev_econ_misc_fees,0.0,projected
FY2031,chg_rev_econ_misc_fees,0.0,projected
FY2032,chg_rev_econ_misc_fees,0.0,projected
FY2033,chg_rev_econ_misc_fees,0.0,projected
FY2034,chg_rev_econ_misc_fees,0.0,projected
FY2035,chg_rev_econ_misc_fees,0.0,projected
FY2026,chg_rev_econ_payroll,-5.692,projected
FY2027,chg_rev_econ_payroll,-5.771,projected
FY2028,chg_rev_econ_payroll,-5.452,projected
FY2029,chg_rev_econ_payroll,-5.375,projected
FY2030,chg_rev_econ_payroll,-8.358,projected
FY2031,chg_rev_econ_payroll,-10.016,projected
FY2032,chg_rev_econ_payroll,-12.745,projected
FY2033,chg_rev_econ_payroll,-15.299,projected
FY2034,chg_rev_econ_payroll,-18.413,projected
FY2035,chg_rev_econ_payroll,-22.048,projected
FY2026,chg_rev_econ_subtotal,121.956,projected
FY2027,chg_rev_econ_subtotal,150.141,projected
FY2028,chg_rev_econ_subtotal,117.257,projected
FY2029,chg_rev_econ_subtotal,77.014,projected
FY2030,chg_rev_econ_subtotal,51.952,projected
FY2031,chg_rev_econ_subtotal,36.589,projected
FY2032,chg_rev_econ_subtotal,20.672,projected
FY2033,chg_rev_econ_subtotal,8.646,projected
FY2034,chg_rev_econ_subtotal,-1.683,projected
FY2035,chg_rev_econ_subtotal,-9.654,projected
FY2026,chg_rev_leg_corporate_income,-98.25,projected
FY2027,chg_rev_leg_corporate_income,-91.441,projected
FY2028,chg_rev_leg_corporate_income,-79.342,projected
FY2029,chg_rev_leg_corporate_income,-58.622,projected
FY2030,chg_rev_leg_corporate_income,-25.708,projected
FY2031,chg_rev_leg_corporate_income,-2.099,projected
FY2032,chg_rev_leg_corporate_income,7.304,projected
FY2033,chg_rev_leg_corporate_income,1.268,projected
FY2034,chg_rev_leg_corporate_income,-1.814,projected
FY2035,chg_rev_leg_corporate_income,-2.791,projected
FY2026,chg_rev_leg_customs,0.0,projected
FY2027,chg_rev_leg_customs,1.643,projected
FY2028,chg_rev_leg_customs,6.652,projected
FY2029,chg_rev_leg_customs,6.739,projected
FY2030,chg_rev_leg_customs,6.853,projected
FY2031,chg_rev_leg_customs,7.019,projected
FY2032,chg_rev_leg_customs,7.205,projected
FY2033,chg_rev_leg_customs,7.396,projected
FY2034,chg_rev_leg_customs,7.584,projected
FY2035,chg_rev_leg_customs,7.775,projected
FY2026,chg_rev_leg_estate_gift,-2.76,projected
FY2027,chg_rev_leg_estate_gift,-18.3,projected
FY2028,chg_rev_leg_estate_gift,-20.55,projected
FY2029,chg_rev_leg_estate_gift,-21.504,projected
FY2030,chg_rev_leg_estate_gift,-22.785,projected
FY2031,chg_rev_leg_estate_gift,-24.238,projected
FY2032,chg_rev_leg_estate_gift,-25.991,projected
FY2033,chg_rev_leg_estate_gift,-27.953,projected
FY2034,chg_rev_leg_estate_gift,-30.076,projected
FY2035,chg_rev_leg_estate_gift,-32.683,projected
FY2026,chg_rev_leg_excise,0.589,projected
FY2027,chg_rev_leg_excise,1.305,projected
FY2028,chg_rev_leg_excise,1.457,projected
FY2029,chg_rev_leg_excise,1.443,projected
FY2030,chg_rev_leg_excise,1.475,projected
FY2031,chg_rev_leg_excise,1.489,projected
FY2032,chg_rev_leg_excise,1.525,projected
FY2033,chg_rev_leg_excise,1.958,projected
FY2034,chg_rev_leg_excise,2.192,projected
FY2035,chg_rev_leg_excise,2.223,projected
FY2026,chg_rev_leg_fed_reserve,0.024,projected
FY2027,chg_rev_leg_fed_reserve,0.026,projected
FY2028,chg_rev_leg_fed_reserve,0.026,projected
FY2029,chg_rev_leg_fed_reserve,0.033,projected
FY2030,chg_rev_leg_fed_reserve,0.93,projected
FY2031,chg_rev_leg_fed_reserve,0.249,projected
FY2032,chg_rev_leg_fed_reserve,0.273,projected
FY2033,chg_rev_leg_fed_reserve,0.3,projected
FY2034,chg_rev_leg_fed_reserve,0.328,projected
FY2035,chg_rev_leg_fed_reserve,0.341,projected
FY2026,chg_rev_leg_individual_income,-361.061,projected
FY2027,chg_rev_leg_individual_income,-479.25,projected
FY2028,chg_rev_leg_individual_income,-493.322,projected
FY2029,chg_rev_leg_individual_income,-456.975,projected
FY2030,chg_rev_leg_individual_income,-409.632,projected
FY2031,chg_rev_leg_individual_income,-398.794,projected
FY2032,chg_rev_leg_individual_income,-414.74,projected
FY2033,chg_rev_leg_individual_income,-434.285,projected
FY2034,chg_rev_leg_individual_income,-460.736,projected
FY2035,chg_rev_leg_individual_income,-479.84,projected
FY2026,chg_rev_leg_misc_fees,-0.26,projected
FY2027,chg_rev_leg_misc_fees,3.0919999999999996,projected
FY2028,chg_rev_leg_misc_fees,3.481,projected
FY2029,chg_rev_leg_misc_fees,3.657,projected
FY2030,chg_rev_leg_misc_fees,5.146999999999999,projected
FY2031,chg_rev_leg_misc_fees,5.683,projected
FY2032,chg_rev_leg_misc_fees,5.947,projected
FY2033,chg_rev_leg_misc_fees,5.836,projected
FY2034,chg_rev_leg_misc_fees,6.006,projected
FY2035,chg_rev_leg_misc_fees,6.5120000000000005,projected
FY2026,chg_rev_leg_payroll,-0.274,projected
FY2027,chg_rev_leg_payroll,-1.097,projected
FY2028,chg_rev_leg_payroll,-1.671,projected
FY2029,chg_rev_leg_payroll,-2.076,projected
FY2030,chg_rev_leg_payroll,-2.379,projected
FY2031,chg_rev_leg_payroll,-2.663,projected
FY2032,chg_rev_leg_payroll,-2.839,projected
FY2033,chg_rev_leg_payroll,-3.0,projected
FY2034,chg_rev_leg_payroll,-3.251,projected
FY2035,chg_rev_leg_payroll,-3.369,projected
FY2026,chg_rev_leg_subtotal,-461.992,projected
FY2027,chg_rev_leg_subtotal,-584.022,projected
FY2028,chg_rev_leg_subtotal,-583.269,projected
FY2029,chg_rev_leg_subtotal,-527.305,projected
FY2030,chg_rev_leg_subtotal,-446.099,projected
FY2031,chg_rev_leg_subtotal,-413.354,projected
FY2032,chg_rev_leg_subtotal,-421.316,projected
FY2033,chg_rev_leg_subtotal,-448.48,projected
FY2034,chg_rev_leg_subtotal,-479.767,projected
FY2035,chg_rev_leg_subtotal,-501.832,projected
FY2026,chg_rev_tech_corporate_income,-20.675,projected
FY2027,chg_rev_tech_corporate_income,4.237,projected
FY2028,chg_rev_tech_corporate_income,10.596,projected
FY2029,chg_rev_tech_corporate_income,19.216,projected
FY2030,chg_rev_tech_corporate_income,16.223,projected
FY2031,chg_rev_tech_corporate_income,5.529,projected
FY2032,chg_rev_tech_corporate_income,3.195,projected
FY2033,chg_rev_tech_corporate_income,2.181,projected
FY2034,chg_rev_tech_corporate_income,9.078,projected
FY2035,chg_rev_tech_corporate_income,9.787,projected
FY2026,chg_rev_tech_customs,351.844,projected
FY2027,chg_rev_tech_customs,352.512,projected
FY2028,chg_rev_tech_customs,356.66799999999995,projected
FY2029,chg_rev_tech_customs,354.58000000000004,projected
FY2030,chg_rev_tech_customs,351.274,projected
FY2031,chg_rev_tech_customs,345.856,projected
FY2032,chg_rev_tech_customs,334.095,projected
FY2033,chg_rev_tech_customs,330.486,projected
FY2034,chg_rev_tech_customs,330.948,projected
FY2035,chg_rev_tech_customs,340.47200000000004,projected
FY2026,chg_rev_tech_estate_gift,-3.798,projected
FY2027,chg_rev_tech_estate_gift,-5.5,projected
FY2028,chg_rev_tech_estate_gift,-3.593,projected
FY2029,chg_rev_tech_estate_gift,-3.5,projected
FY2030,chg_rev_tech_estate_gift,-3.442,projected
FY2031,chg_rev_tech_estate_gift,-3.466,projected
FY2032,chg_rev_tech_estate_gift,-3.506,projected
FY2033,chg_rev_tech_estate_gift,-3.552,projected
FY2034,chg_rev_tech_estate_gift,-3.443,projected
FY2035,chg_rev_tech_estate_gift,-3.474,projected
FY2026,chg_rev_tech_excise,10.035,projected
FY2027,chg_rev_tech_excise,9.078,projected
FY2028,chg_rev_tech_excise,8.932,projected
FY2029,chg_rev_tech_excise,9.506,projected
FY2030,chg_rev_tech_excise,10.572,projected
FY2031,chg_rev_tech_excise,11.85,projected
FY2032,chg_rev_tech_excise,13.039,projected
FY2033,chg_rev_tech_excise,13.778,projected
FY2034,chg_rev_tech_excise,14.641,projected
FY2035,chg_rev_tech_excise,15.649,projected
FY2026,chg_rev_tech_fed_reserve,-0.199,projected
FY2027,chg_rev_tech_fed_reserve,0.108,projected
FY2028,chg_rev_tech_fed_reserve,-1.023,projected
FY2029,chg_rev_tech_fed_reserve,1.526,projected
FY2030,chg_rev_tech_fed_reserve,-26.129,projected
FY2031,chg_rev_tech_fed_reserve,-25.295,projected
FY2032,chg_rev_tech_fed_reserve,-7.108,projected
FY2033,chg_rev_tech_fed_reserve,-6.998,projected
FY2034,chg_rev_tech_fed_reserve,-7.126,projected
FY2035,chg_rev_tech_fed_reserve,-7.384,projected
FY2026,chg_rev_tech_individual_income,32.287,projected
FY2027,chg_rev_tech_individual_income,40.685,projected
FY2028,chg_rev_tech_individual_income,73.96,projected
FY2029,chg_rev_tech_individual_income,120.591,projected
FY2030,chg_rev_tech_individual_income,109.161,projected
FY2031,chg_rev_tech_individual_income,95.037,projected
FY2032,chg_rev_tech_individual_income,100.518,projected
FY2033,chg_rev_tech_individual_income,106.067,projected
FY2034,chg_rev_tech_individual_income,112.617,projected
FY2035,chg_rev_tech_individual_income,110.894,projected
FY2026,chg_rev_tech_misc_fees,-5.166,projected
FY2027,chg_rev_tech_misc_fees,-5.06,projected
FY2028,chg_rev_tech_misc_fees,-3.769,projected
FY2029,chg_rev_tech_misc_fees,-5.778,projected
FY2030,chg_rev_tech_misc_fees,-4.824,projected
FY2031,chg_rev_tech_misc_fees,-4.58,projected
FY2032,chg_rev_tech_misc_fees,-4.005,projected
FY2033,chg_rev_tech_misc_fees,-3.498,projected
FY2034,chg_rev_tech_misc_fees,-3.653,projected
FY2035,chg_rev_tech_misc_fees,-4.258,projected
FY2026,chg_rev_tech_payroll,-8.716,projected
FY2027,chg_rev_tech_payroll,-11.818,projected
FY2028,chg_rev_tech_payroll,-12.693,projected
FY2029,chg_rev_tech_payroll,-15.959,projected
FY2030,chg_rev_tech_payroll,-13.186,projected
FY2031,chg_rev_tech_payroll,-12.807,projected
FY2032,chg_rev_tech_payroll,-12.25,projected
FY2033,chg_rev_tech_payroll,-11.669,projected
FY2034,chg_rev_tech_payroll,-10.975,projected
FY2035,chg_rev_tech_payroll,-9.756,projected
FY2026,chg_rev_tech_subtotal,355.612,projected
FY2027,chg_rev_tech_subtotal,384.242,projected
FY2028,chg_rev_tech_subtotal,429.078,projected
FY2029,chg_rev_tech_subtotal,480.182,projected
FY2030,chg_rev_tech_subtotal,439.649,projected
FY2031,chg_rev_tech_subtotal,412.124,projected
FY2032,chg_rev_tech_subtotal,423.978,projected
FY2033,chg_rev_tech_subtotal,426.795,projected
FY2034,chg_rev_tech_subtotal,442.087,projected
FY2035,chg_rev_tech_subtotal,451.93,projected
FY2026,chg_rev_total,15.576000000000022,projected
FY2027,chg_rev_total,-49.63900000000007,projected
FY2028,chg_rev_total,-36.934000000000026,projected
FY2029,chg_rev_total,29.891000000000076,projected
FY2030,chg_rev_total,45.50200000000001,projected
FY2031,chg_rev_total,35.35900000000004,projected
FY2032,chg_rev_total,23.33400000000006,projected
FY2033,chg_rev_total,-13.038999999999987,projected
FY2034,chg_rev_total,-39.363,projected
FY2035,chg_rev_total,-59.55599999999998,projected
FY2010,leg_rev_aca_10,-2.6,projected
FY2011,leg_rev_aca_10,3.5,projected
FY2012,leg_rev_aca_10,4.6,projected
FY2013,leg_rev_aca_10,27.3,projected
FY2014,leg_rev_aca_10,56.6,projected
FY2015,leg_rev_aca_10,64.6,projected
FY2016,leg_rev_aca_10,82.8,projected
FY2017,leg_rev_aca_10,88.8,projected
FY2018,leg_rev_aca_10,95.4,projected
FY2019,leg_rev_aca_10,104.3,projected
FY2020,leg_rev_aca_10,114.9,projected
FY2010,leg_rev_aca_10_gdp_pct,-0.017,projected
FY2011,leg_rev_aca_10_gdp_pct,0.023,projected
FY2012,leg_rev_aca_10_gdp_pct,0.029,projected
FY2013,leg_rev_aca_10_gdp_pct,0.164,projected
FY2014,leg_rev_aca_10_gdp_pct,0.325,projected
FY2015,leg_rev_aca_10_gdp_pct,0.356,projected
FY2016,leg_rev_aca_10_gdp_pct,0.444,projected
FY2017,leg_rev_aca_10_gdp_pct,0.458,projected
FY2018,leg_rev_aca_10_gdp_pct,0.467,projected
FY2019,leg_rev_aca_10_gdp_pct,0.49,projected
FY2020,leg_rev_aca_10_gdp_pct,0.539,projected
FY2005,leg_rev_ajca_04,-4.9,projected
FY2006,leg_rev_ajca_04,-8.3,projected
FY2007,leg_rev_ajca_04,-4.7,projected
FY2008,leg_rev_ajca_04,2.0,projected
FY2009,leg_rev_ajca_04,5.8,projected
FY2010,leg_rev_ajca_04,1.6,projected
FY2011,leg_rev_ajca_04,0.9,projected
FY2012,leg_rev_ajca_04,0.8,projected
FY2013,leg_rev_ajca_04,0.2,projected
FY2014,leg_rev_ajca_04,-0.2,projected
FY2005,leg_rev_ajca_04_gdp_pct,-0.038,projected
FY2006,leg_rev_ajca_04_gdp_pct,-0.061,projected
FY2007,leg_rev_ajca_04_gdp_pct,-0.033,projected
FY2008,leg_rev_ajca_04_gdp_pct,0.014,projected
FY2009,leg_rev_ajca_04_gdp_pct,0.04,projected
FY2010,leg_rev_ajca_04_gdp_pct,0.011,projected
FY2011,leg_rev_ajca_04_gdp_pct,0.006,projected
FY2012,leg_rev_ajca_04_gdp_pct,0.005,projected
FY2013,leg_rev_ajca_04_gdp_pct,0.001,projected
FY2014,leg_rev_ajca_04_gdp_pct,-0.001,projected
FY2021,leg_rev_arpa_21,-80.137,projected
FY2022,leg_rev_arpa_21,-54.071,projected
FY2023,leg_rev_arpa_21,1.188,projected
FY2024,leg_rev_arpa_21,4.125,projected
FY2025,leg_rev_arpa_21,4.832,projected
FY2026,leg_rev_arpa_21,24.02,projected
FY2027,leg_rev_arpa_21,18.923,projected
FY2028,leg_rev_arpa_21,7.32,projected
FY2029,leg_rev_arpa_21,7.38,projected
FY2030,leg_rev_arpa_21,7.091,projected
FY2031,leg_rev_arpa_21,6.788,projected
FY2021,leg_rev_arpa_21_gdp_pct,-0.348,projected
FY2022,leg_rev_arpa_21_gdp_pct,-0.212,projected
FY2023,leg_rev_arpa_21_gdp_pct,0.004,projected
FY2024,leg_rev_arpa_21_gdp_pct,0.014,projected
FY2025,leg_rev_arpa_21_gdp_pct,0.016,projected
FY2026,leg_rev_arpa_21_gdp_pct,0.075,projected
FY2027,leg_rev_arpa_21_gdp_pct,0.057,projected
FY2028,leg_rev_arpa_21_gdp_pct,0.021,projected
FY2029,leg_rev_arpa_21_gdp_pct,0.02,projected
FY2030,leg_rev_arpa_21_gdp_pct,0.019,projected
FY2031,leg_rev_arpa_21_gdp_pct,0.017,projected
FY2009,leg_rev_arra_09,-64.8,projected
FY2010,leg_rev_arra_09,-180.1,projected
FY2011,leg_rev_arra_09,-8.2,projected
FY2012,leg_rev_arra_09,10.0,projected
FY2013,leg_rev_arra_09,2.7,projected
FY2014,leg_rev_arra_09,5.5,projected
FY2015,leg_rev_arra_09,7.0,projected
FY2016,leg_rev_arra_09,5.8,projected
FY2017,leg_rev_arra_09,5.0,projected
FY2018,leg_rev_arra_09,5.0,projected
FY2019,leg_rev_arra_09,0.1,projected
FY2009,leg_rev_arra_09_gdp_pct,-0.448,projected
FY2010,leg_rev_arra_09_gdp_pct,-1.21,projected
FY2011,leg_rev_arra_09_gdp_pct,-0.053,projected
FY2012,leg_rev_arra_09_gdp_pct,0.062,projected
FY2013,leg_rev_arra_09_gdp_pct,0.016,projected
FY2014,leg_rev_arra_09_gdp_pct,0.032,projected
FY2015,leg_rev_arra_09_gdp_pct,0.039,projected
FY2016,leg_rev_arra_09_gdp_pct,0.031,projected
FY2017,leg_rev_arra_09_gdp_pct,0.026,projected
FY2018,leg_rev_arra_09_gdp_pct,0.024,projected
FY2019,leg_rev_arra_09_gdp_pct,0.0,projected
FY2013,leg_rev_atra_12,-279.8,projected
FY2014,leg_rev_atra_12,-298.8,projected
FY2015,leg_rev_atra_12,-274.7,projected
FY2016,leg_rev_atra_12,-305.4,projected
FY2017,leg_rev_atra_12,-336.6,projected
FY2018,leg_rev_atra_12,-367.4,projected
FY2019,leg_rev_atra_12,-393.1,projected
FY2020,leg_rev_atra_12,-425.6,projected
FY2021,leg_rev_atra_12,-460.5,projected
FY2022,leg_rev_atra_12,-496.8,projected
FY2013,leg_rev_atra_12_gdp_pct,-1.677,projected
FY2014,leg_rev_atra_12_gdp_pct,-1.714,projected
FY2015,leg_rev_atra_12_gdp_pct,-1.512,projected
FY2016,leg_rev_atra_12_gdp_pct,-1.638,projected
FY2017,leg_rev_atra_12_gdp_pct,-1.737,projected
FY2018,leg_rev_atra_12_gdp_pct,-1.798,projected
FY2019,leg_rev_atra_12_gdp_pct,-1.847,projected
FY2020,leg_rev_atra_12_gdp_pct,-1.995,projected
FY2021,leg_rev_atra_12_gdp_pct,-1.998,projected
FY2022,leg_rev_atra_12_gdp_pct,-1.943,projected
FY2020,leg_rev_cares_act,-440.017,projected
FY2021,leg_rev_cares_act,-240.663,projected
FY2022,leg_rev_cares_act,176.965,projected
FY2023,leg_rev_cares_act,173.077,projected
FY2024,leg_rev_cares_act,8.735,projected
FY2025,leg_rev_cares_act,12.376,projected
FY2026,leg_rev_cares_act,12.094,projected
FY2027,leg_rev_cares_act,7.829,projected
FY2028,leg_rev_cares_act,5.232,projected
FY2029,leg_rev_cares_act,1.836,projected
FY2030,leg_rev_cares_act,2.252,projected
FY2020,leg_rev_cares_act_gdp_pct,-2.062,projected
FY2021,leg_rev_cares_act_gdp_pct,-1.044,projected
FY2022,leg_rev_cares_act_gdp_pct,0.692,projected
FY2023,leg_rev_cares_act_gdp_pct,0.632,projected
FY2024,leg_rev_cares_act_gdp_pct,0.03,projected
FY2025,leg_rev_cares_act_gdp_pct,0.041,projected
FY2026,leg_rev_cares_act_gdp_pct,0.038,projected
FY2027,leg_rev_cares_act_gdp_pct,0.023,projected
FY2028,leg_rev_cares_act_gdp_pct,0.015,projected
FY2029,leg_rev_cares_act_gdp_pct,0.005,projected
FY2030,leg_rev_cares_act_gdp_pct,0.006,projected
FY2009,leg_rev_chipra_09,3.8,projected
FY2010,leg_rev_chipra_09,7.6,projected
FY2011,leg_rev_chipra_09,7.3,projected
FY2012,leg_rev_chipra_09,7.4,projected
FY2013,leg_rev_chipra_09,7.7,projected
FY2014,leg_rev_chipra_09,7.0,projected
FY2015,leg_rev_chipra_09,7.0,projected
FY2016,leg_rev_chipra_09,6.8,projected
FY2017,leg_rev_chipra_09,6.8,projected
FY2018,leg_rev_chipra_09,6.7,projected
FY2019,leg_rev_chipra_09,6.7,projected
FY2009,leg_rev_chipra_09_gdp_pct,0.026,projected
FY2010,leg_rev_chipra_09_gdp_pct,0.051,projected
FY2011,leg_rev_chipra_09_gdp_pct,0.047,projected
FY2012,leg_rev_chipra_09_gdp_pct,0.046,projected
FY2013,leg_rev_chipra_09_gdp_pct,0.046,projected
FY2014,leg_rev_chipra_09_gdp_pct,0.04,projected
FY2015,leg_rev_chipra_09_gdp_pct,0.039,projected
FY2016,leg_rev_chipra_09_gdp_pct,0.036,projected
FY2017,leg_rev_chipra_09_gdp_pct,0.035,projected
FY2018,leg_rev_chipra_09_gdp_pct,0.033,projected
FY2019,leg_rev_chipra_09_gdp_pct,0.031,projected
FY2016,leg_rev_consol_approp_16,-156.1,projected
FY2017,leg_rev_consol_approp_16,-95.4,projected
FY2018,leg_rev_consol_approp_16,-67.7,projected
FY2019,leg_rev_consol_approp_16,-55.1,projected
FY2020,leg_rev_consol_approp_16,-16.6,projected
FY2021,leg_rev_consol_approp_16,-1.3,projected
FY2022,leg_rev_consol_approp_16,-17.7,projected
FY2023,leg_rev_consol_approp_16,-28.9,projected
FY2024,leg_rev_consol_approp_16,-38.6,projected
FY2025,leg_rev_consol_approp_16,-45.1,projected
FY2016,leg_rev_consol_approp_16_gdp_pct,-0.837,projected
FY2017,leg_rev_consol_approp_16_gdp_pct,-0.492,projected
FY2018,leg_rev_consol_approp_16_gdp_pct,-0.331,projected
FY2019,leg_rev_consol_approp_16_gdp_pct,-0.259,projected
FY2020,leg_rev_consol_approp_16_gdp_pct,-0.078,projected
FY2021,leg_rev_consol_approp_16_gdp_pct,-0.006,projected
FY2022,leg_rev_consol_approp_16_gdp_pct,-0.069,projected
FY2023,leg_rev_consol_approp_16_gdp_pct,-0.105,projected
FY2024,leg_rev_consol_approp_16_gdp_pct,-0.133,projected
FY2025,leg_rev_consol_approp_16_gdp_pct,-0.149,projected
FY2020,leg_rev_consol_approp_20,-34.464,projected
FY2021,leg_rev_consol_approp_20,-26.512,projected
FY2022,leg_rev_consol_approp_20,-27.748,projected
FY2023,leg_rev_consol_approp_20,-33.538,projected
FY2024,leg_rev_consol_approp_20,-36.39,projected
FY2025,leg_rev_consol_approp_20,-42.659,projected
FY2026,leg_rev_consol_approp_20,-45.682,projected
FY2027,leg_rev_consol_approp_20,-52.039,projected
FY2028,leg_rev_consol_approp_20,-57.232,projected
FY2029,leg_rev_consol_approp_20,-65.56,projected
FY2020,leg_rev_consol_approp_20_gdp_pct,-0.162,projected
FY2021,leg_rev_consol_approp_20_gdp_pct,-0.115,projected
FY2022,leg_rev_consol_approp_20_gdp_pct,-0.109,projected
FY2023,leg_rev_consol_approp_20_gdp_pct,-0.122,projected
FY2024,leg_rev_consol_approp_20_gdp_pct,-0.126,projected
FY2025,leg_rev_consol_approp_20_gdp_pct,-0.141,projected
FY2026,leg_rev_consol_approp_20_gdp_pct,-0.143,projected
FY2027,leg_rev_consol_approp_20_gdp_pct,-0.156,projected
FY2028,leg_rev_consol_approp_20_gdp_pct,-0.165,projected
FY2029,leg_rev_consol_approp_20_gdp_pct,-0.182,projected
FY2021,leg_rev_consol_approp_21,-39.353,projected
FY2022,leg_rev_consol_approp_21,-23.306,projected
FY2023,leg_rev_consol_approp_21,-12.684,projected
FY2024,leg_rev_consol_approp_21,-13.015,projected
FY2025,leg_rev_consol_approp_21,-12.873,projected
FY2026,leg_rev_consol_approp_21,-8.62,projected
FY2027,leg_rev_consol_approp_21,-7.56,projected
FY2028,leg_rev_consol_approp_21,-7.992,projected
FY2029,leg_rev_consol_approp_21,-8.759,projected
FY2030,leg_rev_consol_approp_21,-9.466,projected
FY2021,leg_rev_consol_approp_21_gdp_pct,-0.171,projected
FY2022,leg_rev_consol_approp_21_gdp_pct,-0.091,projected
FY2023,leg_rev_consol_approp_21_gdp_pct,-0.046,projected
FY2024,leg_rev_consol_approp_21_gdp_pct,-0.045,projected
FY2025,leg_rev_consol_approp_21_gdp_pct,-0.042,projected
FY2026,leg_rev_consol_approp_21_gdp_pct,-0.027,projected
FY2027,leg_rev_consol_approp_21_gdp_pct,-0.023,projected
FY2028,leg_rev_consol_approp_21_gdp_pct,-0.023,projected
FY2029,leg_rev_consol_approp_21_gdp_pct,-0.024,projected
FY2030,leg_rev_consol_approp_21_gdp_pct,-0.025,projected
FY1984,leg_rev_deficit_reduction_84,1.0,projected
FY1985,leg_rev_deficit_reduction_84,11.0,projected
FY1986,leg_rev_deficit_reduction_84,17.0,projected
FY1987,leg_rev_deficit_reduction_84,22.0,projected
FY1988,leg_rev_deficit_reduction_84,25.0,projected
FY1989,leg_rev_deficit_reduction_84,27.0,projected
FY1984,leg_rev_deficit_reduction_84_gdp_pct,0.025,projected
FY1985,leg_rev_deficit_reduction_84_gdp_pct,0.258,projected
FY1986,leg_rev_deficit_reduction_84_gdp_pct,0.376,projected
FY1987,leg_rev_deficit_reduction_84_gdp_pct,0.461,projected
FY1988,leg_rev_deficit_reduction_84_gdp_pct,0.487,projected
FY1989,leg_rev_deficit_reduction_84_gdp_pct,0.486,projected
FY1982,leg_rev_econ_recovery_81,-39.0,projected
FY1983,leg_rev_econ_recovery_81,-95.0,projected
FY1984,leg_rev_econ_recovery_81,-148.0,projected
FY1985,leg_rev_econ_recovery_81,-189.0,projected
FY1986,leg_rev_econ_recovery_81,-244.0,projected
FY1987,leg_rev_econ_recovery_81,-294.0,projected
FY1982,leg_rev_econ_recovery_81_gdp_pct,-1.177,projected
FY1983,leg_rev_econ_recovery_81_gdp_pct,-2.687,projected
FY1984,leg_rev_econ_recovery_81_gdp_pct,-3.748,projected
FY1985,leg_rev_econ_recovery_81_gdp_pct,-4.431,projected
FY1986,leg_rev_econ_recovery_81_gdp_pct,-5.391,projected
FY1987,leg_rev_econ_recovery_81_gdp_pct,-6.167,projected
FY2009,leg_rev_eesa_08,-104.1,projected
FY2010,leg_rev_eesa_08,-3.0,projected
FY2011,leg_rev_eesa_08,-4.0,projected
FY2012,leg_rev_eesa_08,-2.9,projected
FY2013,leg_rev_eesa_08,-2.3,projected
FY2014,leg_rev_eesa_08,-0.7,projected
FY2015,leg_rev_eesa_08,0.5,projected
FY2016,leg_rev_eesa_08,0.8,projected
FY2017,leg_rev_eesa_08,8.4,projected
FY2018,leg_rev_eesa_08,4.0,projected
FY2009,leg_rev_eesa_08_gdp_pct,-0.72,projected
FY2010,leg_rev_eesa_08_gdp_pct,-0.02,projected
FY2011,leg_rev_eesa_08_gdp_pct,-0.026,projected
FY2012,leg_rev_eesa_08_gdp_pct,-0.018,projected
FY2013,leg_rev_eesa_08_gdp_pct,-0.014,projected
FY2014,leg_rev_eesa_08_gdp_pct,-0.004,projected
FY2015,leg_rev_eesa_08_gdp_pct,0.003,projected
FY2016,leg_rev_eesa_08_gdp_pct,0.004,projected
FY2017,leg_rev_eesa_08_gdp_pct,0.043,projected
FY2018,leg_rev_eesa_08_gdp_pct,0.02,projected
FY2001,leg_rev_egtrra_01,-70.2,projected
FY2002,leg_rev_egtrra_01,-31.3,projected
FY2003,leg_rev_egtrra_01,-84.0,projected
FY2004,leg_rev_egtrra_01,-100.7,projected
FY2005,leg_rev_egtrra_01,-100.3,projected
FY2006,leg_rev_egtrra_01,-125.6,projected
FY2007,leg_rev_egtrra_01,-142.1,projected
FY2008,leg_rev_egtrra_01,-150.7,projected
FY2009,leg_rev_egtrra_01,-158.2,projected
FY2010,leg_rev_egtrra_01,-175.9,projected
FY2011,leg_rev_egtrra_01,-117.3,projected
FY2001,leg_rev_egtrra_01_gdp_pct,-0.667,projected
FY2002,leg_rev_egtrra_01_gdp_pct,-0.289,projected
FY2003,leg_rev_egtrra_01_gdp_pct,-0.745,projected
FY2004,leg_rev_egtrra_01_gdp_pct,-0.837,projected
FY2005,leg_rev_egtrra_01_gdp_pct,-0.781,projected
FY2006,leg_rev_egtrra_01_gdp_pct,-0.921,projected
FY2007,leg_rev_egtrra_01_gdp_pct,-0.993,projected
FY2008,leg_rev_egtrra_01_gdp_pct,-1.018,projected
FY2009,leg_rev_egtrra_01_gdp_pct,-1.094,projected
FY2010,leg_rev_egtrra_01_gdp_pct,-1.182,projected
FY2011,leg_rev_egtrra_01_gdp_pct,-0.758,projected
FY2008,leg_rev_esa_08,-113.7,projected
FY2009,leg_rev_esa_08,-12.3,projected
FY2010,leg_rev_esa_08,11.7,projected
FY2011,leg_rev_esa_08,8.8,projected
FY2012,leg_rev_esa_08,7.6,projected
FY2013,leg_rev_esa_08,5.9,projected
FY2014,leg_rev_esa_08,3.8,projected
FY2015,leg_rev_esa_08,2.3,projected
FY2016,leg_rev_esa_08,1.3,projected
FY2017,leg_rev_esa_08,1.0,projected
FY2018,leg_rev_esa_08,1.1,projected
FY2008,leg_rev_esa_08_gdp_pct,-0.768,projected
FY2009,leg_rev_esa_08_gdp_pct,-0.085,projected
FY2010,leg_rev_esa_08_gdp_pct,0.079,projected
FY2011,leg_rev_esa_08_gdp_pct,0.057,projected
FY2012,leg_rev_esa_08_gdp_pct,0.047,projected
FY2013,leg_rev_esa_08_gdp_pct,0.035,projected
FY2014,leg_rev_esa_08_gdp_pct,0.022,projected
FY2015,leg_rev_esa_08_gdp_pct,0.013,projected
FY2016,leg_rev_esa_08_gdp_pct,0.007,projected
FY2017,leg_rev_esa_08_gdp_pct,0.005,projected
FY2018,leg_rev_esa_08_gdp_pct,0.005,projected
FY2016,leg_rev_fast_act_15,22.1,projected
FY2017,leg_rev_fast_act_15,3.3,projected
FY2018,leg_rev_fast_act_15,4.0,projected
FY2019,leg_rev_fast_act_15,4.1,projected
FY2020,leg_rev_fast_act_15,4.5,projected
FY2021,leg_rev_fast_act_15,4.8,projected
FY2022,leg_rev_fast_act_15,5.1,projected
FY2023,leg_rev_fast_act_15,5.5,projected
FY2024,leg_rev_fast_act_15,6.0,projected
FY2025,leg_rev_fast_act_15,6.5,projected
FY2016,leg_rev_fast_act_15_gdp_pct,0.119,projected
FY2017,leg_rev_fast_act_15_gdp_pct,0.017,projected
FY2018,leg_rev_fast_act_15_gdp_pct,0.02,projected
FY2019,leg_rev_fast_act_15_gdp_pct,0.019,projected
FY2020,leg_rev_fast_act_15_gdp_pct,0.021,projected
FY2021,leg_rev_fast_act_15_gdp_pct,0.021,projected
FY2022,leg_rev_fast_act_15_gdp_pct,0.02,projected
FY2023,leg_rev_fast_act_15_gdp_pct,0.02,projected
FY2024,leg_rev_fast_act_15_gdp_pct,0.021,projected
FY2025,leg_rev_fast_act_15_gdp_pct,0.021,projected
FY2020,leg_rev_ffcra_20,-89.024,projected
FY2021,leg_rev_ffcra_20,-15.582,projected
FY2022,leg_rev_ffcra_20,0.0,projected
FY2023,leg_rev_ffcra_20,0.0,projected
FY2024,leg_rev_ffcra_20,0.0,projected
FY2025,leg_rev_ffcra_20,0.0,projected
FY2026,leg_rev_ffcra_20,0.0,projected
FY2027,leg_rev_ffcra_20,0.0,projected
FY2028,leg_rev_ffcra_20,0.0,projected
FY2029,leg_rev_ffcra_20,0.0,projected
FY2030,leg_rev_ffcra_20,0.0,projected
FY2020,leg_rev_ffcra_20_gdp_pct,-0.417,projected
FY2021,leg_rev_ffcra_20_gdp_pct,-0.068,projected
FY2022,leg_rev_ffcra_20_gdp_pct,0.0,projected
FY2023,leg_rev_ffcra_20_gdp_pct,0.0,projected
FY2024,leg_rev_ffcra_20_gdp_pct,0.0,projected
FY2025,leg_rev_ffcra_20_gdp_pct,0.0,projected
FY2026,leg_rev_ffcra_20_gdp_pct,0.0,projected
FY2027,leg_rev_ffcra_20_gdp_pct,0.0,projected
FY2028,leg_rev_ffcra_20_gdp_pct,0.0,projected
FY2029,leg_rev_ffcra_20_gdp_pct,0.0,projected
FY2030,leg_rev_ffcra_20_gdp_pct,0.0,projected
FY2008,leg_rev_hera_08,-1.0,projected
FY2009,leg_rev_hera_08,-11.0,projected
FY2010,leg_rev_hera_08,3.9,projected
FY2011,leg_rev_hera_08,4.5,projected
FY2012,leg_rev_hera_08,-5.8,projected
FY2013,leg_rev_hera_08,22.0,projected
FY2014,leg_rev_hera_08,-6.7,projected
FY2015,leg_rev_hera_08,3.0,projected
FY2016,leg_rev_hera_08,2.9,projected
FY2017,leg_rev_hera_08,2.5,projected
FY2018,leg_rev_hera_08,2.4,projected
FY2008,leg_rev_hera_08_gdp_pct,-0.007,projected
FY2009,leg_rev_hera_08_gdp_pct,-0.076,projected
FY2010,leg_rev_hera_08_gdp_pct,0.026,projected
FY2011,leg_rev_hera_08_gdp_pct,0.029,projected
FY2012,leg_rev_hera_08_gdp_pct,-0.036,projected
FY2013,leg_rev_hera_08_gdp_pct,0.132,projected
FY2014,leg_rev_hera_08_gdp_pct,-0.038,projected
FY2015,leg_rev_hera_08_gdp_pct,0.017,projected
FY2016,leg_rev_hera_08_gdp_pct,0.016,projected
FY2017,leg_rev_hera_08_gdp_pct,0.013,projected
FY2018,leg_rev_hera_08_gdp_pct,0.012,projected
FY2010,leg_rev_hire_10,-4.4,projected
FY2011,leg_rev_hire_10,-5.4,projected
FY2012,leg_rev_hire_10,-1.2,projected
FY2013,leg_rev_hire_10,1.0,projected
FY2014,leg_rev_hire_10,15.1,projected
FY2015,leg_rev_hire_10,1.4,projected
FY2016,leg_rev_hire_10,-11.2,projected
FY2017,leg_rev_hire_10,2.3,projected
FY2018,leg_rev_hire_10,4.2,projected
FY2019,leg_rev_hire_10,10.6,projected
FY2020,leg_rev_hire_10,2.0,projected
FY2010,leg_rev_hire_10_gdp_pct,-0.03,projected
FY2011,leg_rev_hire_10_gdp_pct,-0.035,projected
FY2012,leg_rev_hire_10_gdp_pct,-0.007,projected
FY2013,leg_rev_hire_10_gdp_pct,0.006,projected
FY2014,leg_rev_hire_10_gdp_pct,0.087,projected
FY2015,leg_rev_hire_10_gdp_pct,0.008,projected
FY2016,leg_rev_hire_10_gdp_pct,-0.06,projected
FY2017,leg_rev_hire_10_gdp_pct,0.012,projected
FY2018,leg_rev_hire_10_gdp_pct,0.021,projected
FY2019,leg_rev_hire_10_gdp_pct,0.05,projected
FY2020,leg_rev_hire_10_gdp_pct,0.009,projected
FY2023,leg_rev_ira_22,30.602,projected
FY2024,leg_rev_ira_22,20.026,projected
FY2025,leg_rev_ira_22,3.817,projected
FY2026,leg_rev_ira_22,-4.245,projected
FY2027,leg_rev_ira_22,20.621,projected
FY2028,leg_rev_ira_22,28.697,projected
FY2029,leg_rev_ira_22,10.798,projected
FY2030,leg_rev_ira_22,-0.179,projected
FY2031,leg_rev_ira_22,-1.47,projected
FY2032,leg_rev_ira_22,-4.146,projected
FY2023,leg_rev_ira_22_gdp_pct,0.112,projected
FY2024,leg_rev_ira_22_gdp_pct,0.069,projected
FY2025,leg_rev_ira_22_gdp_pct,0.013,projected
FY2026,leg_rev_ira_22_gdp_pct,-0.013,projected
FY2027,leg_rev_ira_22_gdp_pct,0.062,projected
FY2028,leg_rev_ira_22_gdp_pct,0.083,projected
FY2029,leg_rev_ira_22_gdp_pct,0.03,projected
FY2030,leg_rev_ira_22_gdp_pct,0.0,projected
FY2031,leg_rev_ira_22_gdp_pct,-0.004,projected
FY2032,leg_rev_ira_22_gdp_pct,-0.01,projected
FY2002,leg_rev_jcwa_02,-42.5,projected
FY2003,leg_rev_jcwa_02,-39.3,projected
FY2004,leg_rev_jcwa_02,-29.1,projected
FY2005,leg_rev_jcwa_02,-3.5,projected
FY2006,leg_rev_jcwa_02,16.1,projected
FY2007,leg_rev_jcwa_02,16.8,projected
FY2008,leg_rev_jcwa_02,16.0,projected
FY2009,leg_rev_jcwa_02,13.7,projected
FY2010,leg_rev_jcwa_02,10.1,projected
FY2011,leg_rev_jcwa_02,7.2,projected
FY2012,leg_rev_jcwa_02,4.7,projected
FY2002,leg_rev_jcwa_02_gdp_pct,-0.392,projected
FY2003,leg_rev_jcwa_02_gdp_pct,-0.348,projected
FY2004,leg_rev_jcwa_02_gdp_pct,-0.242,projected
FY2005,leg_rev_jcwa_02_gdp_pct,-0.027,projected
FY2006,leg_rev_jcwa_02_gdp_pct,0.118,projected
FY2007,leg_rev_jcwa_02_gdp_pct,0.117,projected
FY2008,leg_rev_jcwa_02_gdp_pct,0.108,projected
FY2009,leg_rev_jcwa_02_gdp_pct,0.095,projected
FY2010,leg_rev_jcwa_02_gdp_pct,0.068,projected
FY2011,leg_rev_jcwa_02_gdp_pct,0.047,projected
FY2012,leg_rev_jcwa_02_gdp_pct,0.029,projected
FY2003,leg_rev_jgtrra_03,-53.1,projected
FY2004,leg_rev_jgtrra_03,-135.4,projected
FY2005,leg_rev_jgtrra_03,-77.6,projected
FY2006,leg_rev_jgtrra_03,-20.6,projected
FY2007,leg_rev_jgtrra_03,-13.6,projected
FY2008,leg_rev_jgtrra_03,-16.7,projected
FY2009,leg_rev_jgtrra_03,-11.2,projected
FY2010,leg_rev_jgtrra_03,-4.1,projected
FY2011,leg_rev_jgtrra_03,4.2,projected
FY2012,leg_rev_jgtrra_03,2.6,projected
FY2013,leg_rev_jgtrra_03,1.7,projected
FY2003,leg_rev_jgtrra_03_gdp_pct,-0.471,projected
FY2004,leg_rev_jgtrra_03_gdp_pct,-1.126,projected
FY2005,leg_rev_jgtrra_03_gdp_pct,-0.604,projected
FY2006,leg_rev_jgtrra_03_gdp_pct,-0.151,projected
FY2007,leg_rev_jgtrra_03_gdp_pct,-0.095,projected
FY2008,leg_rev_jgtrra_03_gdp_pct,-0.113,projected
FY2009,leg_rev_jgtrra_03_gdp_pct,-0.077,projected
FY2010,leg_rev_jgtrra_03_gdp_pct,-0.028,projected
FY2011,leg_rev_jgtrra_03_gdp_pct,0.027,projected
FY2012,leg_rev_jgtrra_03_gdp_pct,0.016,projected
FY2013,leg_rev_jgtrra_03_gdp_pct,0.01,projected
FY2012,leg_rev_mctrjca_12,-70.4,projected
FY2013,leg_rev_mctrjca_12,-22.7,projected
FY2014,leg_rev_mctrjca_12,-41.6,projected
FY2015,leg_rev_mctrjca_12,4.8,projected
FY2016,leg_rev_mctrjca_12,36.5,projected
FY2017,leg_rev_mctrjca_12,3.7,projected
FY2018,leg_rev_mctrjca_12,1.6,projected
FY2019,leg_rev_mctrjca_12,-2.4,projected
FY2020,leg_rev_mctrjca_12,6.8,projected
FY2021,leg_rev_mctrjca_12,2.8,projected
FY2022,leg_rev_mctrjca_12,3.3,projected
FY2012,leg_rev_mctrjca_12_gdp_pct,-0.437,projected
FY2013,leg_rev_mctrjca_12_gdp_pct,-0.136,projected
FY2014,leg_rev_mctrjca_12_gdp_pct,-0.239,projected
FY2015,leg_rev_mctrjca_12_gdp_pct,0.026,projected
FY2016,leg_rev_mctrjca_12_gdp_pct,0.196,projected
FY2017,leg_rev_mctrjca_12_gdp_pct,0.019,projected
FY2018,leg_rev_mctrjca_12_gdp_pct,0.008,projected
FY2019,leg_rev_mctrjca_12_gdp_pct,-0.011,projected
FY2020,leg_rev_mctrjca_12_gdp_pct,0.032,projected
FY2021,leg_rev_mctrjca_12_gdp_pct,0.012,projected
FY2022,leg_rev_mctrjca_12_gdp_pct,0.013,projected
FY2025,leg_rev_obbba_25,-130.905,projected
FY2026,leg_rev_obbba_25,-460.50100000000003,projected
FY2027,leg_rev_obbba_25,-582.313,projected
FY2028,leg_rev_obbba_25,-581.6279999999999,projected
FY2029,leg_rev_obbba_25,-525.5699999999999,projected
FY2030,leg_rev_obbba_25,-445.191,projected
FY2031,leg_rev_obbba_25,-412.53100000000006,projected
FY2032,leg_rev_obbba_25,-420.516,projected
FY2033,leg_rev_obbba_25,-447.6809999999999,projected
FY2034,leg_rev_obbba_25,-478.94800000000004,projected
FY2035,leg_rev_obbba_25,-500.987,projected
FY2025,leg_rev_obbba_25_gdp_pct,-0.431,projected
FY2026,leg_rev_obbba_25_gdp_pct,-1.443,projected
FY2027,leg_rev_obbba_25_gdp_pct,-1.748,projected
FY2028,leg_rev_obbba_25_gdp_pct,-1.678,projected
FY2029,leg_rev_obbba_25_gdp_pct,-1.46,projected
FY2030,leg_rev_obbba_25_gdp_pct,-1.191,projected
FY2031,leg_rev_obbba_25_gdp_pct,-1.063,projected
FY2032,leg_rev_obbba_25_gdp_pct,-1.044,projected
FY2033,leg_rev_obbba_25_gdp_pct,-1.071,projected
FY2034,leg_rev_obbba_25_gdp_pct,-1.104,projected
FY2035,leg_rev_obbba_25_gdp_pct,-1.113,projected
FY1988,leg_rev_obra_87,9.0,projected
FY1989,leg_rev_obra_87,14.0,projected
FY1990,leg_rev_obra_87,15.0,projected
FY1991,leg_rev_obra_87,14.0,projected
FY1992,leg_rev_obra_87,11.0,projected
FY1993,leg_rev_obra_87,8.0,projected
FY1988,leg_rev_obra_87_gdp_pct,0.175,projected
FY1989,leg_rev_obra_87_gdp_pct,0.252,projected
FY1990,leg_rev_obra_87_gdp_pct,0.254,projected
FY1991,leg_rev_obra_87_gdp_pct,0.23,projected
FY1992,leg_rev_obra_87_gdp_pct,0.171,projected
FY1993,leg_rev_obra_87_gdp_pct,0.118,projected
FY1991,leg_rev_obra_90,18.0,projected
FY1992,leg_rev_obra_90,33.0,projected
FY1993,leg_rev_obra_90,31.0,projected
FY1994,leg_rev_obra_90,36.0,projected
FY1995,leg_rev_obra_90,38.0,projected
FY1996,leg_rev_obra_90,33.0,projected
FY1991,leg_rev_obra_90_gdp_pct,0.295,projected
FY1992,leg_rev_obra_90_gdp_pct,0.514,projected
FY1993,leg_rev_obra_90_gdp_pct,0.458,projected
FY1994,leg_rev_obra_90_gdp_pct,0.502,projected
FY1995,leg_rev_obra_90_gdp_pct,0.503,projected
FY1996,leg_rev_obra_90_gdp_pct,0.415,projected
FY1994,leg_rev_obra_93,26.0,projected
FY1995,leg_rev_obra_93,44.0,projected
FY1996,leg_rev_obra_93,52.0,projected
FY1997,leg_rev_obra_93,61.0,projected
FY1998,leg_rev_obra_93,59.0,projected
FY1994,leg_rev_obra_93_gdp_pct,0.362,projected
FY1995,leg_rev_obra_93_gdp_pct,0.582,projected
FY1996,leg_rev_obra_93_gdp_pct,0.654,projected
FY1997,leg_rev_obra_93_gdp_pct,0.722,projected
FY1998,leg_rev_obra_93_gdp_pct,0.661,projected
FY2007,leg_rev_ppa_06,0.5,projected
FY2008,leg_rev_ppa_06,0.3,projected
FY2009,leg_rev_ppa_06,-1.1,projected
FY2010,leg_rev_ppa_06,-1.9,projected
FY2011,leg_rev_ppa_06,-5.6,projected
FY2012,leg_rev_ppa_06,-9.4,projected
FY2013,leg_rev_ppa_06,-11.7,projected
FY2014,leg_rev_ppa_06,-13.7,projected
FY2015,leg_rev_ppa_06,-14.9,projected
FY2016,leg_rev_ppa_06,-15.7,projected
FY2007,leg_rev_ppa_06_gdp_pct,0.003,projected
FY2008,leg_rev_ppa_06_gdp_pct,0.002,projected
FY2009,leg_rev_ppa_06_gdp_pct,-0.008,projected
FY2010,leg_rev_ppa_06_gdp_pct,-0.013,projected
FY2011,leg_rev_ppa_06_gdp_pct,-0.036,projected
FY2012,leg_rev_ppa_06_gdp_pct,-0.058,projected
FY2013,leg_rev_ppa_06_gdp_pct,-0.07,projected
FY2014,leg_rev_ppa_06_gdp_pct,-0.079,projected
FY2015,leg_rev_ppa_06_gdp_pct,-0.082,projected
FY2016,leg_rev_ppa_06_gdp_pct,-0.084,projected
FY2011,leg_rev_sbja_10,-55.1,projected
FY2012,leg_rev_sbja_10,10.0,projected
FY2013,leg_rev_sbja_10,12.8,projected
FY2014,leg_rev_sbja_10,9.7,projected
FY2015,leg_rev_sbja_10,28.7,projected
FY2016,leg_rev_sbja_10,-15.6,projected
FY2017,leg_rev_sbja_10,4.2,projected
FY2018,leg_rev_sbja_10,3.1,projected
FY2019,leg_rev_sbja_10,2.4,projected
FY2020,leg_rev_sbja_10,2.4,projected
FY2011,leg_rev_sbja_10_gdp_pct,-0.356,projected
FY2012,leg_rev_sbja_10_gdp_pct,0.062,projected
FY2013,leg_rev_sbja_10_gdp_pct,0.077,projected
FY2014,leg_rev_sbja_10_gdp_pct,0.056,projected
FY2015,leg_rev_sbja_10_gdp_pct,0.158,projected
FY2016,leg_rev_sbja_10_gdp_pct,-0.084,projected
FY2017,leg_rev_sbja_10_gdp_pct,0.022,projected
FY2018,leg_rev_sbja_10_gdp_pct,0.015,projected
FY2019,leg_rev_sbja_10_gdp_pct,0.011,projected
FY2020,leg_rev_sbja_10_gdp_pct,0.011,projected
FY1984,leg_rev_ss_amend_83,6.1,projected
FY1985,leg_rev_ss_amend_83,8.6,projected
FY1986,leg_rev_ss_amend_83,8.8,projected
FY1987,leg_rev_ss_amend_83,10.7,projected
FY1988,leg_rev_ss_amend_83,22.4,projected
FY1989,leg_rev_ss_amend_83,29.6,projected
FY1984,leg_rev_ss_amend_83_gdp_pct,0.154,projected
FY1985,leg_rev_ss_amend_83_gdp_pct,0.202,projected
FY1986,leg_rev_ss_amend_83_gdp_pct,0.194,projected
FY1987,leg_rev_ss_amend_83_gdp_pct,0.224,projected
FY1988,leg_rev_ss_amend_83_gdp_pct,0.436,projected
FY1989,leg_rev_ss_amend_83_gdp_pct,0.533,projected
FY1987,leg_rev_tax_reform_86,11.6,projected
FY1988,leg_rev_tax_reform_86,-1.7,projected
FY1989,leg_rev_tax_reform_86,-9.6,projected
FY1990,leg_rev_tax_reform_86,-1.3,projected
FY1991,leg_rev_tax_reform_86,3.7,projected
FY1992,leg_rev_tax_reform_86,4.6,projected
FY1987,leg_rev_tax_reform_86_gdp_pct,0.243,projected
FY1988,leg_rev_tax_reform_86_gdp_pct,-0.033,projected
FY1989,leg_rev_tax_reform_86_gdp_pct,-0.173,projected
FY1990,leg_rev_tax_reform_86_gdp_pct,-0.022,projected
FY1991,leg_rev_tax_reform_86_gdp_pct,0.061,projected
FY1992,leg_rev_tax_reform_86_gdp_pct,0.072,projected
FY1998,leg_rev_taxpayer_relief_97,-9.0,projected
FY1999,leg_rev_taxpayer_relief_97,-7.0,projected
FY2000,leg_rev_taxpayer_relief_97,-23.0,projected
FY2001,leg_rev_taxpayer_relief_97,-24.0,projected
FY2002,leg_rev_taxpayer_relief_97,-18.0,projected
FY1998,leg_rev_taxpayer_relief_97_gdp_pct,-0.101,projected
FY1999,leg_rev_taxpayer_relief_97_gdp_pct,-0.074,projected
FY2000,leg_rev_taxpayer_relief_97_gdp_pct,-0.227,projected
FY2001,leg_rev_taxpayer_relief_97_gdp_pct,-0.228,projected
FY2002,leg_rev_taxpayer_relief_97_gdp_pct,-0.166,projected
FY2018,leg_rev_tcja,-144.3,projected
FY2019,leg_rev_tcja,-270.9,projected
FY2020,leg_rev_tcja,-257.0,projected
FY2021,leg_rev_tcja,-234.8,projected
FY2022,leg_rev_tcja,-199.6,projected
FY2023,leg_rev_tcja,-163.9,projected
FY2024,leg_rev_tcja,-148.9,projected
FY2025,leg_rev_tcja,-146.4,projected
FY2026,leg_rev_tcja,-61.5,projected
FY2027,leg_rev_tcja,-19.8,projected
FY2018,leg_rev_tcja_gdp_pct,-0.706,projected
FY2019,leg_rev_tcja_gdp_pct,-1.273,projected
FY2020,leg_rev_tcja_gdp_pct,-1.204,projected
FY2021,leg_rev_tcja_gdp_pct,-1.019,projected
FY2022,leg_rev_tcja_gdp_pct,-0.781,projected
FY2023,leg_rev_tcja_gdp_pct,-0.598,projected
FY2024,leg_rev_tcja_gdp_pct,-0.514,projected
FY2025,leg_rev_tcja_gdp_pct,-0.482,projected
FY2026,leg_rev_tcja_gdp_pct,-0.193,projected
FY2027,leg_rev_tcja_gdp_pct,-0.059,projected
FY1983,leg_rev_tefra_82,18.0,projected
FY1984,leg_rev_tefra_82,38.0,projected
FY1985,leg_rev_tefra_82,42.0,projected
FY1986,leg_rev_tefra_82,47.0,projected
FY1987,leg_rev_tefra_82,54.0,projected
FY1988,leg_rev_tefra_82,56.0,projected
FY1983,leg_rev_tefra_82_gdp_pct,0.509,projected
FY1984,leg_rev_tefra_82_gdp_pct,0.962,projected
FY1985,leg_rev_tefra_82_gdp_pct,0.985,projected
FY1986,leg_rev_tefra_82_gdp_pct,1.038,projected
FY1987,leg_rev_tefra_82_gdp_pct,1.133,projected
FY1988,leg_rev_tefra_82_gdp_pct,1.09,projected
FY2008,leg_rev_tipa_07,-70.0,projected
FY2009,leg_rev_tipa_07,19.4,projected
FY2010,leg_rev_tipa_07,0.0,projected
FY2011,leg_rev_tipa_07,0.0,projected
FY2012,leg_rev_tipa_07,0.0,projected
FY2013,leg_rev_tipa_07,0.0,projected
FY2014,leg_rev_tipa_07,0.0,projected
FY2015,leg_rev_tipa_07,0.0,projected
FY2016,leg_rev_tipa_07,0.0,projected
FY2017,leg_rev_tipa_07,0.0,projected
FY2008,leg_rev_tipa_07_gdp_pct,-0.473,projected
FY2009,leg_rev_tipa_07_gdp_pct,0.134,projected
FY2010,leg_rev_tipa_07_gdp_pct,0.0,projected
FY2011,leg_rev_tipa_07_gdp_pct,0.0,projected
FY2012,leg_rev_tipa_07_gdp_pct,0.0,projected
FY2013,leg_rev_tipa_07_gdp_pct,0.0,projected
FY2014,leg_rev_tipa_07_gdp_pct,0.0,projected
FY2015,leg_rev_tipa_07_gdp_pct,0.0,projected
FY2016,leg_rev_tipa_07_gdp_pct,0.0,projected
FY2017,leg_rev_tipa_07_gdp_pct,0.0,projected
FY2015,leg_rev_tipa_14,-81.2,projected
FY2016,leg_rev_tipa_14,18.4,projected
FY2017,leg_rev_tipa_14,10.8,projected
FY2018,leg_rev_tipa_14,7.3,projected
FY2019,leg_rev_tipa_14,4.8,projected
FY2020,leg_rev_tipa_14,1.4,projected
FY2021,leg_rev_tipa_14,0.3,projected
FY2022,leg_rev_tipa_14,-0.8,projected
FY2023,leg_rev_tipa_14,-1.3,projected
FY2024,leg_rev_tipa_14,-1.2,projected
FY2015,leg_rev_tipa_14_gdp_pct,-0.447,projected
FY2016,leg_rev_tipa_14_gdp_pct,0.099,projected
FY2017,leg_rev_tipa_14_gdp_pct,0.056,projected
FY2018,leg_rev_tipa_14_gdp_pct,0.036,projected
FY2019,leg_rev_tipa_14_gdp_pct,0.023,projected
FY2020,leg_rev_tipa_14_gdp_pct,0.007,projected
FY2021,leg_rev_tipa_14_gdp_pct,0.001,projected
FY2022,leg_rev_tipa_14_gdp_pct,-0.003,projected
FY2023,leg_rev_tipa_14_gdp_pct,-0.005,projected
FY2024,leg_rev_tipa_14_gdp_pct,-0.004,projected
FY2006,leg_rev_tipra_05,-4.4,projected
FY2007,leg_rev_tipra_05,-32.7,projected
FY2008,leg_rev_tipra_05,-7.5,projected
FY2009,leg_rev_tipra_05,-20.4,projected
FY2010,leg_rev_tipra_05,-14.2,projected
FY2011,leg_rev_tipra_05,-1.6,projected
FY2012,leg_rev_tipra_05,3.2,projected
FY2013,leg_rev_tipra_05,0.1,projected
FY2014,leg_rev_tipra_05,0.3,projected
FY2015,leg_rev_tipra_05,0.5,projected
FY2016,leg_rev_tipra_05,0.1,projected
FY2006,leg_rev_tipra_05_gdp_pct,-0.032,projected
FY2007,leg_rev_tipra_05_gdp_pct,-0.229,projected
FY2008,leg_rev_tipra_05_gdp_pct,-0.051,projected
FY2009,leg_rev_tipra_05_gdp_pct,-0.141,projected
FY2010,leg_rev_tipra_05_gdp_pct,-0.095,projected
FY2011,leg_rev_tipra_05_gdp_pct,-0.01,projected
FY2012,leg_rev_tipra_05_gdp_pct,0.02,projected
FY2013,leg_rev_tipra_05_gdp_pct,0.001,projected
FY2014,leg_rev_tipra_05_gdp_pct,0.002,projected
FY2015,leg_rev_tipra_05_gdp_pct,0.003,projected
FY2016,leg_rev_tipra_05_gdp_pct,0.001,projected
FY2012,leg_rev_tptcca_11,-18.8,projected
FY2013,leg_rev_tptcca_11,-2.0,projected
FY2014,leg_rev_tptcca_11,0.0,projected
FY2015,leg_rev_tptcca_11,0.0,projected
FY2016,leg_rev_tptcca_11,0.0,projected
FY2017,leg_rev_tptcca_11,0.0,projected
FY2018,leg_rev_tptcca_11,0.0,projected
FY2019,leg_rev_tptcca_11,0.0,projected
FY2020,leg_rev_tptcca_11,0.0,projected
FY2021,leg_rev_tptcca_11,0.0,projected
FY2012,leg_rev_tptcca_11_gdp_pct,-0.117,projected
FY2013,leg_rev_tptcca_11_gdp_pct,-0.012,projected
FY2014,leg_rev_tptcca_11_gdp_pct,0.0,projected
FY2015,leg_rev_tptcca_11_gdp_pct,0.0,projected
FY2016,leg_rev_tptcca_11_gdp_pct,0.0,projected
FY2017,leg_rev_tptcca_11_gdp_pct,0.0,projected
FY2018,leg_rev_tptcca_11_gdp_pct,0.0,projected
FY2019,leg_rev_tptcca_11_gdp_pct,0.0,projected
FY2020,leg_rev_tptcca_11_gdp_pct,0.0,projected
FY2021,leg_rev_tptcca_11_gdp_pct,0.0,projected
FY2007,leg_rev_trhca_06,-15.6,projected
FY2008,leg_rev_trhca_06,-10.9,projected
FY2009,leg_rev_trhca_06,-4.5,projected
FY2010,leg_rev_trhca_06,-3.0,projected
FY2011,leg_rev_trhca_06,-2.0,projected
FY2012,leg_rev_trhca_06,-1.2,projected
FY2013,leg_rev_trhca_06,-0.8,projected
FY2014,leg_rev_trhca_06,-0.8,projected
FY2015,leg_rev_trhca_06,-0.7,projected
FY2016,leg_rev_trhca_06,-0.6,projected
FY2007,leg_rev_trhca_06_gdp_pct,-0.109,projected
FY2008,leg_rev_trhca_06_gdp_pct,-0.074,projected
FY2009,leg_rev_trhca_06_gdp_pct,-0.031,projected
FY2010,leg_rev_trhca_06_gdp_pct,-0.02,projected
FY2011,leg_rev_trhca_06_gdp_pct,-0.013,projected
FY2012,leg_rev_trhca_06_gdp_pct,-0.007,projected
FY2013,leg_rev_trhca_06_gdp_pct,-0.005,projected
FY2014,leg_rev_trhca_06_gdp_pct,-0.005,projected
FY2015,leg_rev_trhca_06_gdp_pct,-0.004,projected
FY2016,leg_rev_trhca_06_gdp_pct,-0.003,projected
FY2011,leg_rev_truirjca_10,-353.7,projected
FY2012,leg_rev_truirjca_10,-345.7,projected
FY2013,leg_rev_truirjca_10,-80.9,projected
FY2014,leg_rev_truirjca_10,6.6,projected
FY2015,leg_rev_truirjca_10,17.4,projected
FY2016,leg_rev_truirjca_10,13.5,projected
FY2017,leg_rev_truirjca_10,10.1,projected
FY2018,leg_rev_truirjca_10,6.3,projected
FY2019,leg_rev_truirjca_10,3.4,projected
FY2020,leg_rev_truirjca_10,1.9,projected
FY2011,leg_rev_truirjca_10_gdp_pct,-2.287,projected
FY2012,leg_rev_truirjca_10_gdp_pct,-2.146,projected
FY2013,leg_rev_truirjca_10_gdp_pct,-0.485,projected
FY2014,leg_rev_truirjca_10_gdp_pct,0.038,projected
FY2015,leg_rev_truirjca_10_gdp_pct,0.096,projected
FY2016,leg_rev_truirjca_10_gdp_pct,0.072,projected
FY2017,leg_rev_truirjca_10_gdp_pct,0.052,projected
FY2018,leg_rev_truirjca_10_gdp_pct,0.031,projected
FY2019,leg_rev_truirjca_10_gdp_pct,0.016,projected
FY2020,leg_rev_truirjca_10_gdp_pct,0.009,projected
FY2005,leg_rev_wftra_04,-27.1,projected
FY2006,leg_rev_wftra_04,-37.3,projected
FY2007,leg_rev_wftra_04,-20.0,projected
FY2008,leg_rev_wftra_04,-15.6,projected
FY2009,leg_rev_wftra_04,-12.2,projected
FY2010,leg_rev_wftra_04,-7.9,projected
FY2011,leg_rev_wftra_04,-1.2,projected
FY2012,leg_rev_wftra_04,-0.3,projected
FY2013,leg_rev_wftra_04,-0.3,projected
FY2014,leg_rev_wftra_04,-0.3,projected
FY2005,leg_rev_wftra_04_gdp_pct,-0.211,projected
FY2006,leg_rev_wftra_04_gdp_pct,-0.274,projected
FY2007,leg_rev_wftra_04_gdp_pct,-0.14,projected
FY2008,leg_rev_wftra_04_gdp_pct,-0.105,projected
FY2009,leg_rev_wftra_04_gdp_pct,-0.084,projected
FY2010,leg_rev_wftra_04_gdp_pct,-0.053,projected
FY2011,leg_rev_wftra_04_gdp_pct,-0.008,projected
FY2012,leg_rev_wftra_04_gdp_pct,-0.002,projected
FY2013,leg_rev_wftra_04_gdp_pct,-0.002,projected
FY2014,leg_rev_wftra_04_gdp_pct,-0.002,projected
FY2010,leg_rev_whba_09,-39.0,projected
FY2011,leg_rev_whba_09,5.7,projected
FY2012,leg_rev_whba_09,7.6,projected
FY2013,leg_rev_whba_09,7.6,projected
FY2014,leg_rev_whba_09,24.8,projected
FY2015,leg_rev_whba_09,-12.9,projected
FY2016,leg_rev_whba_09,4.9,projected
FY2017,leg_rev_whba_09,4.6,projected
FY2018,leg_rev_whba_09,2.7,projected
FY2019,leg_rev_whba_09,0.7,projected
FY2010,leg_rev_whba_09_gdp_pct,-0.262,projected
FY2011,leg_rev_whba_09_gdp_pct,0.037,projected
FY2012,leg_rev_whba_09_gdp_pct,0.047,projected
FY2013,leg_rev_whba_09_gdp_pct,0.046,projected
FY2014,leg_rev_whba_09_gdp_pct,0.142,projected
FY2015,leg_rev_whba_09_gdp_pct,-0.071,projected
FY2016,leg_rev_whba_09_gdp_pct,0.026,projected
FY2017,leg_rev_whba_09_gdp_pct,0.024,projected
FY2018,leg_rev_whba_09_gdp_pct,0.013,projected
FY2019,leg_rev_whba_09_gdp_pct,0.003,projected
FY2025,rev_addendum_gdi,30101.765,actual
FY2026,rev_addendum_gdi,31847.001,actual
FY2027,rev_addendum_gdi,33301.412,actual
FY2028,rev_addendum_gdi,34665.281,actual
FY2029,rev_addendum_gdi,36013.895,actual
FY2030,rev_addendum_gdi,37396.046,actual
FY2031,rev_addendum_gdi,38818.834,actual
FY2032,rev_addendum_gdi,40282.904,actual
FY2033,rev_addendum_gdi,41802.592,actual
FY2034,rev_addendum_gdi,43380.249,actual
FY2035,rev_addendum_gdi,45018.692,actual
FY2036,rev_addendum_gdi,46719.608,actual
FY2025,rev_addendum_gdp,30362.025,actual
FY2026,rev_addendum_gdp,31902.006,actual
FY2027,rev_addendum_gdp,33315.187,actual
FY2028,rev_addendum_gdp,34665.785,actual
FY2029,rev_addendum_gdp,36010.049,actual
FY2030,rev_addendum_gdp,37390.673,actual
FY2031,rev_addendum_gdp,38812.821,actual
FY2032,rev_addendum_gdp,40276.527,actual
FY2033,rev_addendum_gdp,41795.93,actual
FY2034,rev_addendum_gdp,43373.323,actual
FY2035,rev_addendum_gdp,45011.5,actual
FY2036,rev_addendum_gdp,46712.142,actual
FY2025,rev_corporate_income,452.089,actual
FY2026,rev_corporate_income,403.97900000000004,actual
FY2027,rev_corporate_income,419.298,actual
FY2028,rev_corporate_income,432.53400000000005,actual
FY2029,rev_corporate_income,451.5390000000001,actual
FY2030,rev_corporate_income,477.34000000000003,actual
FY2031,rev_corporate_income,493.4650000000001,actual
FY2032,rev_corporate_income,509.96200000000005,actual
FY2033,rev_corporate_income,525.9230000000001,actual
FY2034,rev_corporate_income,539.067,actual
FY2035,rev_corporate_income,551.9060000000002,actual
FY2036,rev_corporate_income,575.645,actual
FY2025,rev_corporate_income_gdp_pct,1.489,actual
FY2026,rev_corporate_income_gdp_pct,1.266,actual
FY2027,rev_corporate_income_gdp_pct,1.259,actual
FY2028,rev_corporate_income_gdp_pct,1.248,actual
FY2029,rev_corporate_income_gdp_pct,1.254,actual
FY2030,rev_corporate_income_gdp_pct,1.277,actual
FY2031,rev_corporate_income_gdp_pct,1.271,actual
FY2032,rev_corporate_income_gdp_pct,1.266,actual
FY2033,rev_corporate_income_gdp_pct,1.258,actual
FY2034,rev_corporate_income_gdp_pct,1.243,actual
FY2035,rev_corporate_income_gdp_pct,1.226,actual
FY2036,rev_corporate_income_gdp_pct,1.232,actual
FY2025,rev_customs,194.86599999999999,actual
FY2026,rev_customs,418.388,actual
FY2027,rev_customs,421.103,actual
FY2028,rev_customs,423.5899999999999,actual
FY2029,rev_customs,417.458,actual
FY2030,rev_customs,412.427,actual
FY2031,rev_customs,405.242,actual
FY2032,rev_customs,389.307,actual
FY2033,rev_customs,382.30699999999996,actual
FY2034,rev_customs,381.592,actual
FY2035,rev_customs,390.098,actual
FY2036,rev_customs,402.356,actual
FY2025,rev_customs_gdp_pct,0.642,actual
FY2026,rev_customs_gdp_pct,1.311,actual
FY2027,rev_customs_gdp_pct,1.264,actual
FY2028,rev_customs_gdp_pct,1.222,actual
FY2029,rev_customs_gdp_pct,1.159,actual
FY2030,rev_customs_gdp_pct,1.103,actual
FY2031,rev_customs_gdp_pct,1.044,actual
FY2032,rev_customs_gdp_pct,0.967,actual
FY2033,rev_customs_gdp_pct,0.915,actual
FY2034,rev_customs_gdp_pct,0.88,actual
FY2035,rev_customs_gdp_pct,0.867,actual
FY2036,rev_customs_gdp_pct,0.861,actual
FY2025,rev_estate_gift,29.461999999999996,actual
FY2026,rev_estate_gift,36.405,actual
FY2027,rev_estate_gift,35.206999999999994,actual
FY2028,rev_estate_gift,35.861,actual
FY2029,rev_estate_gift,35.609,actual
FY2030,rev_estate_gift,36.166000000000004,actual
FY2031,rev_estate_gift,37.441,actual
FY2032,rev_estate_gift,39.227999999999994,actual
FY2033,rev_estate_gift,41.391000000000005,actual
FY2034,rev_estate_gift,43.98899999999999,actual
FY2035,rev_estate_gift,47.152000000000015,actual
FY2036,rev_estate_gift,50.675000000000004,actual
FY2025,rev_estate_gift_gdp_pct,0.097,actual
FY2026,rev_estate_gift_gdp_pct,0.114,actual
FY2027,rev_estate_gift_gdp_pct,0.106,actual
FY2028,rev_estate_gift_gdp_pct,0.103,actual
FY2029,rev_estate_gift_gdp_pct,0.099,actual
FY2030,rev_estate_gift_gdp_pct,0.097,actual
FY2031,rev_estate_gift_gdp_pct,0.096,actual
FY2032,rev_estate_gift_gdp_pct,0.097,actual
FY2033,rev_estate_gift_gdp_pct,0.099,actual
FY2034,rev_estate_gift_gdp_pct,0.101,actual
FY2035,rev_estate_gift_gdp_pct,0.105,actual
FY2036,rev_estate_gift_gdp_pct,0.108,actual
FY2025,rev_excise,105.936,actual
FY2026,rev_excise,108.344,actual
FY2027,rev_excise,108.196,actual
FY2028,rev_excise,106.72200000000001,actual
FY2029,rev_excise,108.028,actual
FY2030,rev_excise,110.01299999999999,actual
FY2031,rev_excise,109.556,actual
FY2032,rev_excise,110.831,actual
FY2033,rev_excise,112.44999999999999,actual
FY2034,rev_excise,112.929,actual
FY2035,rev_excise,116.393,actual
FY2036,rev_excise,118.642,actual
FY2026,rev_excise_alcohol,10.36,projected
FY2027,rev_excise_alcohol,10.352,projected
FY2028,rev_excise_alcohol,10.339,projected
FY2029,rev_excise_alcohol,10.342,projected
FY2030,rev_excise_alcohol,10.357,projected
FY2031,rev_excise_alcohol,10.377,projected
FY2032,rev_excise_alcohol,10.405,projected
FY2033,rev_excise_alcohol,10.441,projected
FY2034,rev_excise_alcohol,10.483,projected
FY2035,rev_excise_alcohol,10.528,projected
FY2036,rev_excise_alcohol,10.577,projected
FY2026,rev_excise_avn_aatf_subtotal,21.015,projected
FY2027,rev_excise_avn_aatf_subtotal,21.879,projected
FY2028,rev_excise_avn_aatf_subtotal,22.72,projected
FY2029,rev_excise_avn_aatf_subtotal,23.571,projected
FY2030,rev_excise_avn_aatf_subtotal,24.462,projected
FY2031,rev_excise_avn_aatf_subtotal,25.388,projected
FY2032,rev_excise_avn_aatf_subtotal,26.344,projected
FY2033,rev_excise_avn_aatf_subtotal,27.339,projected
FY2034,rev_excise_avn_aatf_subtotal,28.377,projected
FY2035,rev_excise_avn_aatf_subtotal,29.456,projected
FY2036,rev_excise_avn_aatf_subtotal,30.578,projected
FY2026,rev_excise_avn_cargo,0.774,projected
FY2027,rev_excise_avn_cargo,0.789,projected
FY2028,rev_excise_avn_cargo,0.803,projected
FY2029,rev_excise_avn_cargo,0.817,projected
FY2030,rev_excise_avn_cargo,0.832,projected
FY2031,rev_excise_avn_cargo,0.847,projected
FY2032,rev_excise_avn_cargo,0.861,projected
FY2033,rev_excise_avn_cargo,0.877,projected
FY2034,rev_excise_avn_cargo,0.892,projected
FY2035,rev_excise_avn_cargo,0.908,projected
FY2036,rev_excise_avn_cargo,0.924,projected
FY2026,rev_excise_avn_domestic,13.827,projected
FY2027,rev_excise_avn_domestic,14.341,projected
FY2028,rev_excise_avn_domestic,14.843,projected
FY2029,rev_excise_avn_domestic,15.35,projected
FY2030,rev_excise_avn_domestic,15.875,projected
FY2031,rev_excise_avn_domestic,16.418,projected
FY2032,rev_excise_avn_domestic,16.977,projected
FY2033,rev_excise_avn_domestic,17.555,projected
FY2034,rev_excise_avn_domestic,18.154,projected
FY2035,rev_excise_avn_domestic,18.773,projected
FY2036,rev_excise_avn_domestic,19.414,projected
FY2026,rev_excise_avn_fuels,0.664,projected
FY2027,rev_excise_avn_fuels,0.677,projected
FY2028,rev_excise_avn_fuels,0.689,projected
FY2029,rev_excise_avn_fuels,0.7,projected
FY2030,rev_excise_avn_fuels,0.713,projected
FY2031,rev_excise_avn_fuels,0.725,projected
FY2032,rev_excise_avn_fuels,0.737,projected
FY2033,rev_excise_avn_fuels,0.75,projected
FY2034,rev_excise_avn_fuels,0.763,projected
FY2035,rev_excise_avn_fuels,0.776,projected
FY2036,rev_excise_avn_fuels,0.79,projected
FY2026,rev_excise_avn_international,5.763,projected
FY2027,rev_excise_avn_international,6.085,projected
FY2028,rev_excise_avn_international,6.398,projected
FY2029,rev_excise_avn_international,6.716,projected
FY2030,rev_excise_avn_international,7.055,projected
FY2031,rev_excise_avn_international,7.411,projected
FY2032,rev_excise_avn_international,7.781,projected
FY2033,rev_excise_avn_international,8.17,projected
FY2034,rev_excise_avn_international,8.58,projected
FY2035,rev_excise_avn_international,9.011,projected
FY2036,rev_excise_avn_international,9.463,projected
FY2026,rev_excise_avn_refunds,-0.013,projected
FY2027,rev_excise_avn_refunds,-0.013,projected
FY2028,rev_excise_avn_refunds,-0.013,projected
FY2029,rev_excise_avn_refunds,-0.013,projected
FY2030,rev_excise_avn_refunds,-0.013,projected
FY2031,rev_excise_avn_refunds,-0.013,projected
FY2032,rev_excise_avn_refunds,-0.013,projected
FY2033,rev_excise_avn_refunds,-0.013,projected
FY2034,rev_excise_avn_refunds,-0.013,projected
FY2035,rev_excise_avn_refunds,-0.013,projected
FY2036,rev_excise_avn_refunds,-0.013,projected
FY2026,rev_excise_avn_total,21.194,projected
FY2027,rev_excise_avn_total,22.068,projected
FY2028,rev_excise_avn_total,22.918,projected
FY2029,rev_excise_avn_total,23.778,projected
FY2030,rev_excise_avn_total,24.679,projected
FY2031,rev_excise_avn_total,25.616,projected
FY2032,rev_excise_avn_total,26.583,projected
FY2033,rev_excise_avn_total,27.59,projected
FY2034,rev_excise_avn_total,28.639,projected
FY2035,rev_excise_avn_total,29.731,projected
FY2036,rev_excise_avn_total,30.866,projected
FY2025,rev_excise_gdp_pct,0.349,actual
FY2026,rev_excise_gdp_pct,0.34,actual
FY2027,rev_excise_gdp_pct,0.325,actual
FY2028,rev_excise_gdp_pct,0.308,actual
FY2029,rev_excise_gdp_pct,0.3,actual
FY2030,rev_excise_gdp_pct,0.294,actual
FY2031,rev_excise_gdp_pct,0.282,actual
FY2032,rev_excise_gdp_pct,0.275,actual
FY2033,rev_excise_gdp_pct,0.269,actual
FY2034,rev_excise_gdp_pct,0.26,actual
FY2035,rev_excise_gdp_pct,0.259,actual
FY2036,rev_excise_gdp_pct,0.254,actual
FY2026,rev_excise_hwy_diesel,10.494,projected
FY2027,rev_excise_hwy_diesel,10.546,projected
FY2028,rev_excise_hwy_diesel,10.612,projected
FY2029,rev_excise_hwy_diesel,10.681,projected
FY2030,rev_excise_hwy_diesel,10.753,projected
FY2031,rev_excise_hwy_diesel,10.825,projected
FY2032,rev_excise_hwy_diesel,10.898,projected
FY2033,rev_excise_hwy_diesel,10.971,projected
FY2034,rev_excise_hwy_diesel,11.045,projected
FY2035,rev_excise_hwy_diesel,11.119,projected
FY2036,rev_excise_hwy_diesel,11.194,projected
FY2026,rev_excise_hwy_gasoline,28.198,projected
FY2027,rev_excise_hwy_gasoline,28.591,projected
FY2028,rev_excise_hwy_gasoline,28.791,projected
FY2029,rev_excise_hwy_gasoline,28.892,projected
FY2030,rev_excise_hwy_gasoline,28.958,projected
FY2031,rev_excise_hwy_gasoline,29.01,projected
FY2032,rev_excise_hwy_gasoline,29.059,projected
FY2033,rev_excise_hwy_gasoline,29.113,projected
FY2034,rev_excise_hwy_gasoline,29.17,projected
FY2035,rev_excise_hwy_gasoline,29.237,projected
FY2036,rev_excise_hwy_gasoline,29.307,projected
FY2026,rev_excise_hwy_heavy_vehicle_use,1.705,projected
FY2027,rev_excise_hwy_heavy_vehicle_use,1.739,projected
FY2028,rev_excise_hwy_heavy_vehicle_use,1.77,projected
FY2029,rev_excise_hwy_heavy_vehicle_use,1.801,projected
FY2030,rev_excise_hwy_heavy_vehicle_use,1.834,projected
FY2031,rev_excise_hwy_heavy_vehicle_use,1.866,projected
FY2032,rev_excise_hwy_heavy_vehicle_use,1.899,projected
FY2033,rev_excise_hwy_heavy_vehicle_use,1.933,projected
FY2034,rev_excise_hwy_heavy_vehicle_use,1.967,projected
FY2035,rev_excise_hwy_heavy_vehicle_use,2.002,projected
FY2036,rev_excise_hwy_heavy_vehicle_use,2.037,projected
FY2026,rev_excise_hwy_htf_subtotal,47.222,projected
FY2027,rev_excise_hwy_htf_subtotal,48.0,projected
FY2028,rev_excise_hwy_htf_subtotal,48.596,projected
FY2029,rev_excise_hwy_htf_subtotal,49.092,projected
FY2030,rev_excise_hwy_htf_subtotal,49.552,projected
FY2031,rev_excise_hwy_htf_subtotal,50.005,projected
FY2032,rev_excise_hwy_htf_subtotal,50.47,projected
FY2033,rev_excise_hwy_htf_subtotal,50.955,projected
FY2034,rev_excise_hwy_htf_subtotal,51.457,projected
FY2035,rev_excise_hwy_htf_subtotal,51.984,projected
FY2036,rev_excise_hwy_htf_subtotal,52.528,projected
FY2026,rev_excise_hwy_lust,0.199,projected
FY2027,rev_excise_hwy_lust,0.202,projected
FY2028,rev_excise_hwy_lust,0.203,projected
FY2029,rev_excise_hwy_lust,0.204,projected
FY2030,rev_excise_hwy_lust,0.204,projected
FY2031,rev_excise_hwy_lust,0.205,projected
FY2032,rev_excise_hwy_lust,0.206,projected
FY2033,rev_excise_hwy_lust,0.206,projected
FY2034,rev_excise_hwy_lust,0.207,projected
FY2035,rev_excise_hwy_lust,0.208,projected
FY2036,rev_excise_hwy_lust,0.208,projected
FY2026,rev_excise_hwy_other_fuels,0.129,projected
FY2027,rev_excise_hwy_other_fuels,0.135,projected
FY2028,rev_excise_hwy_other_fuels,0.139,projected
FY2029,rev_excise_hwy_other_fuels,0.143,projected
FY2030,rev_excise_hwy_other_fuels,0.145,projected
FY2031,rev_excise_hwy_other_fuels,0.146,projected
FY2032,rev_excise_hwy_other_fuels,0.146,projected
FY2033,rev_excise_hwy_other_fuels,0.145,projected
FY2034,rev_excise_hwy_other_fuels,0.145,projected
FY2035,rev_excise_hwy_other_fuels,0.146,projected
FY2036,rev_excise_hwy_other_fuels,0.147,projected
FY2026,rev_excise_hwy_refunds,-1.199,projected
FY2027,rev_excise_hwy_refunds,-1.232,projected
FY2028,rev_excise_hwy_refunds,-1.249,projected
FY2029,rev_excise_hwy_refunds,-1.258,projected
FY2030,rev_excise_hwy_refunds,-1.262,projected
FY2031,rev_excise_hwy_refunds,-1.265,projected
FY2032,rev_excise_hwy_refunds,-1.267,projected
FY2033,rev_excise_hwy_refunds,-1.269,projected
FY2034,rev_excise_hwy_refunds,-1.272,projected
FY2035,rev_excise_hwy_refunds,-1.274,projected
FY2036,rev_excise_hwy_refunds,-1.277,projected
FY2026,rev_excise_hwy_tires,0.79,projected
FY2027,rev_excise_hwy_tires,0.805,projected
FY2028,rev_excise_hwy_tires,0.82,projected
FY2029,rev_excise_hwy_tires,0.834,projected
FY2030,rev_excise_hwy_tires,0.849,projected
FY2031,rev_excise_hwy_tires,0.864,projected
FY2032,rev_excise_hwy_tires,0.879,projected
FY2033,rev_excise_hwy_tires,0.895,projected
FY2034,rev_excise_hwy_tires,0.911,projected
FY2035,rev_excise_hwy_tires,0.927,projected
FY2036,rev_excise_hwy_tires,0.943,projected
FY2026,rev_excise_hwy_total,46.222,projected
FY2027,rev_excise_hwy_total,46.97,projected
FY2028,rev_excise_hwy_total,47.55,projected
FY2029,rev_excise_hwy_total,48.038,projected
FY2030,rev_excise_hwy_total,48.495,projected
FY2031,rev_excise_hwy_total,48.945,projected
FY2032,rev_excise_hwy_total,49.408,projected
FY2033,rev_excise_hwy_total,49.892,projected
FY2034,rev_excise_hwy_total,50.392,projected
FY2035,rev_excise_hwy_total,50.917,projected
FY2036,rev_excise_hwy_total,51.459,projected
FY2026,rev_excise_hwy_trucks_trailers,5.906,projected
FY2027,rev_excise_hwy_trucks_trailers,6.184,projected
FY2028,rev_excise_hwy_trucks_trailers,6.464,projected
FY2029,rev_excise_hwy_trucks_trailers,6.74,projected
FY2030,rev_excise_hwy_trucks_trailers,7.013,projected
FY2031,rev_excise_hwy_trucks_trailers,7.292,projected
FY2032,rev_excise_hwy_trucks_trailers,7.588,projected
FY2033,rev_excise_hwy_trucks_trailers,7.898,projected
FY2034,rev_excise_hwy_trucks_trailers,8.219,projected
FY2035,rev_excise_hwy_trucks_trailers,8.553,projected
FY2036,rev_excise_hwy_trucks_trailers,8.899,projected
FY2026,rev_excise_other,14.311,projected
FY2027,rev_excise_other,13.25,projected
FY2028,rev_excise_other,10.833,projected
FY2029,rev_excise_other,11.463,projected
FY2030,rev_excise_other,12.429,projected
FY2031,rev_excise_other,10.846,projected
FY2032,rev_excise_other,10.798,projected
FY2033,rev_excise_other,10.918,projected
FY2034,rev_excise_other,9.75,projected
FY2035,rev_excise_other,11.418,projected
FY2036,rev_excise_other,11.745,projected
FY2026,rev_excise_stock_buybacks,8.311,projected
FY2027,rev_excise_stock_buybacks,8.49,projected
FY2028,rev_excise_stock_buybacks,8.76,projected
FY2029,rev_excise_stock_buybacks,8.718,projected
FY2030,rev_excise_stock_buybacks,8.905,projected
FY2031,rev_excise_stock_buybacks,9.09,projected
FY2032,rev_excise_stock_buybacks,9.357,projected
FY2033,rev_excise_stock_buybacks,9.682,projected
FY2034,rev_excise_stock_buybacks,10.047,projected
FY2035,rev_excise_stock_buybacks,10.451,projected
FY2036,rev_excise_stock_buybacks,10.89,projected
FY2026,rev_excise_tobacco,7.945,projected
FY2027,rev_excise_tobacco,7.066,projected
FY2028,rev_excise_tobacco,6.322,projected
FY2029,rev_excise_tobacco,5.689,projected
FY2030,rev_excise_tobacco,5.148,projected
FY2031,rev_excise_tobacco,4.682,projected
FY2032,rev_excise_tobacco,4.279,projected
FY2033,rev_excise_tobacco,3.927,projected
FY2034,rev_excise_tobacco,3.619,projected
FY2035,rev_excise_tobacco,3.347,projected
FY2036,rev_excise_tobacco,3.106,projected
FY2026,rev_excise_total,108.343,projected
FY2027,rev_excise_total,108.195,projected
FY2028,rev_excise_total,106.722,projected
FY2029,rev_excise_total,108.028,projected
FY2030,rev_excise_total,110.013,projected
FY2031,rev_excise_total,109.556,projected
FY2032,rev_excise_total,110.831,projected
FY2033,rev_excise_total,112.45,projected
FY2034,rev_excise_total,112.93,projected
FY2035,rev_excise_total,116.393,projected
FY2036,rev_excise_total,118.642,projected
FY2025,rev_fed_reserve,5.49,actual
FY2026,rev_fed_reserve,7.852999999999999,actual
FY2027,rev_fed_reserve,8.556999999999999,actual
FY2028,rev_fed_reserve,9.158000000000001,actual
FY2029,rev_fed_reserve,14.822000000000008,actual
FY2030,rev_fed_reserve,37.88700000000001,actual
FY2031,rev_fed_reserve,93.91199999999999,actual
FY2032,rev_fed_reserve,129.707,actual
FY2033,rev_fed_reserve,140.534,actual
FY2034,rev_fed_reserve,152.883,actual
FY2035,rev_fed_reserve,164.50799999999998,actual
FY2036,rev_fed_reserve,176.402,actual
FY2025,rev_fed_reserve_gdp_pct,0.018,actual
FY2026,rev_fed_reserve_gdp_pct,0.025,actual
FY2027,rev_fed_reserve_gdp_pct,0.026,actual
FY2028,rev_fed_reserve_gdp_pct,0.026,actual
FY2029,rev_fed_reserve_gdp_pct,0.041,actual
FY2030,rev_fed_reserve_gdp_pct,0.101,actual
FY2031,rev_fed_reserve_gdp_pct,0.242,actual
FY2032,rev_fed_reserve_gdp_pct,0.322,actual
FY2033,rev_fed_reserve_gdp_pct,0.336,actual
FY2034,rev_fed_reserve_gdp_pct,0.352,actual
FY2035,rev_fed_reserve_gdp_pct,0.365,actual
FY2036,rev_fed_reserve_gdp_pct,0.378,actual
FY2025,rev_individual_income,2656.044,actual
FY2026,rev_individual_income,2751.2910000000006,actual
FY2027,rev_individual_income,2947.0250000000005,actual
FY2028,rev_individual_income,3044.1740000000004,actual
FY2029,rev_individual_income,3193.3230000000003,actual
FY2030,rev_individual_income,3338.9790000000003,actual
FY2031,rev_individual_income,3461.053,actual
FY2032,rev_individual_income,3594.393,actual
FY2033,rev_individual_income,3743.8540000000003,actual
FY2034,rev_individual_income,3902.609,actual
FY2035,rev_individual_income,4071.9090000000006,actual
FY2036,rev_individual_income,4248.998,actual
FY2025,rev_individual_income_gdp_pct,8.748,actual
FY2026,rev_individual_income_gdp_pct,8.624,actual
FY2027,rev_individual_income_gdp_pct,8.846,actual
FY2028,rev_individual_income_gdp_pct,8.781,actual
FY2029,rev_individual_income_gdp_pct,8.868,actual
FY2030,rev_individual_income_gdp_pct,8.93,actual
FY2031,rev_individual_income_gdp_pct,8.917,actual
FY2032,rev_individual_income_gdp_pct,8.924,actual
FY2033,rev_individual_income_gdp_pct,8.957,actual
FY2034,rev_individual_income_gdp_pct,8.998,actual
FY2035,rev_individual_income_gdp_pct,9.046,actual
FY2036,rev_individual_income_gdp_pct,9.096,actual
FY2025,rev_misc_fees,42.435,actual
FY2026,rev_misc_fees,44.08299999999999,actual
FY2027,rev_misc_fees,49.147999999999996,actual
FY2028,rev_misc_fees,49.268,actual
FY2029,rev_misc_fees,50.54399999999999,actual
FY2030,rev_misc_fees,50.629999999999995,actual
FY2031,rev_misc_fees,52.519000000000005,actual
FY2032,rev_misc_fees,54.69800000000001,actual
FY2033,rev_misc_fees,56.455,actual
FY2034,rev_misc_fees,58.182,actual
FY2035,rev_misc_fees,59.888,actual
FY2036,rev_misc_fees,61.971000000000004,actual
FY2025,rev_misc_fees_gdp_pct,0.14,actual
FY2026,rev_misc_fees_gdp_pct,0.138,actual
FY2027,rev_misc_fees_gdp_pct,0.148,actual
FY2028,rev_misc_fees_gdp_pct,0.142,actual
FY2029,rev_misc_fees_gdp_pct,0.14,actual
FY2030,rev_misc_fees_gdp_pct,0.135,actual
FY2031,rev_misc_fees_gdp_pct,0.135,actual
FY2032,rev_misc_fees_gdp_pct,0.136,actual
FY2033,rev_misc_fees_gdp_pct,0.135,actual
FY2034,rev_misc_fees_gdp_pct,0.134,actual
FY2035,rev_misc_fees_gdp_pct,0.133,actual
FY2036,rev_misc_fees_gdp_pct,0.133,actual
FY2025,rev_off_budget,1283.736,actual
FY2026,rev_off_budget,1350.445,actual
FY2027,rev_off_budget,1403.711,actual
FY2028,rev_off_budget,1457.594,actual
FY2029,rev_off_budget,1515.623,actual
FY2030,rev_off_budget,1575.995,actual
FY2031,rev_off_budget,1637.695,actual
FY2032,rev_off_budget,1699.389,actual
FY2033,rev_off_budget,1762.048,actual
FY2034,rev_off_budget,1825.863,actual
FY2035,rev_off_budget,1892.022,actual
FY2036,rev_off_budget,1960.66,actual
FY2025,rev_off_budget_gdp_pct,4.228,actual
FY2026,rev_off_budget_gdp_pct,4.233,actual
FY2027,rev_off_budget_gdp_pct,4.213,actual
FY2028,rev_off_budget_gdp_pct,4.205,actual
FY2029,rev_off_budget_gdp_pct,4.209,actual
FY2030,rev_off_budget_gdp_pct,4.215,actual
FY2031,rev_off_budget_gdp_pct,4.219,actual
FY2032,rev_off_budget_gdp_pct,4.219,actual
FY2033,rev_off_budget_gdp_pct,4.216,actual
FY2034,rev_off_budget_gdp_pct,4.21,actual
FY2035,rev_off_budget_gdp_pct,4.203,actual
FY2036,rev_off_budget_gdp_pct,4.197,actual
FY2025,rev_on_budget,3950.88,actual
FY2026,rev_on_budget,4245.471000000001,actual
FY2027,rev_on_budget,4481.487,actual
FY2028,rev_on_budget,4613.874000000001,actual
FY2029,rev_on_budget,4804.166000000001,actual
FY2030,rev_on_budget,5019.004,actual
FY2031,rev_on_budget,5231.798000000001,actual
FY2032,rev_on_budget,5430.293000000001,actual
FY2033,rev_on_budget,5629.428,actual
FY2034,rev_on_budget,5843.0599999999995,actual
FY2035,rev_on_budget,6079.841000000001,actual
FY2036,rev_on_budget,6340.095000000001,actual
FY2025,rev_on_budget_gdp_pct,13.013,actual
FY2026,rev_on_budget_gdp_pct,13.308,actual
FY2027,rev_on_budget_gdp_pct,13.452,actual
FY2028,rev_on_budget_gdp_pct,13.31,actual
FY2029,rev_on_budget_gdp_pct,13.341,actual
FY2030,rev_on_budget_gdp_pct,13.423,actual
FY2031,rev_on_budget_gdp_pct,13.48,actual
FY2032,rev_on_budget_gdp_pct,13.483,actual
FY2033,rev_on_budget_gdp_pct,13.469,actual
FY2034,rev_on_budget_gdp_pct,13.472,actual
FY2035,rev_on_budget_gdp_pct,13.507,actual
FY2036,rev_on_budget_gdp_pct,13.573,actual
FY2025,rev_other_subtotal,183.323,actual
FY2026,rev_other_subtotal,196.68499999999997,actual
FY2027,rev_other_subtotal,201.10799999999998,actual
FY2028,rev_other_subtotal,201.00900000000001,actual
FY2029,rev_other_subtotal,209.003,actual
FY2030,rev_other_subtotal,234.696,actual
FY2031,rev_other_subtotal,293.428,actual
FY2032,rev_other_subtotal,334.46400000000006,actual
FY2033,rev_other_subtotal,350.83,actual
FY2034,rev_other_subtotal,367.983,actual
FY2035,rev_other_subtotal,387.941,actual
FY2036,rev_other_subtotal,407.69,actual
FY2025,rev_other_subtotal_gdp_pct,0.6037904257044779,actual
FY2026,rev_other_subtotal_gdp_pct,0.6165286283251278,actual
FY2027,rev_other_subtotal_gdp_pct,0.6036526224511362,actual
FY2028,rev_other_subtotal_gdp_pct,0.5798484009521204,actual
FY2029,rev_other_subtotal_gdp_pct,0.5804018761540702,actual
FY2030,rev_other_subtotal_gdp_pct,0.6276859472414417,actual
FY2031,rev_other_subtotal_gdp_pct,0.7560079181052054,actual
FY2032,rev_other_subtotal_gdp_pct,0.8304191669753453,actual
FY2033,rev_other_subtotal_gdp_pct,0.8393879499750335,actual
FY2034,rev_other_subtotal_gdp_pct,0.8484085943795454,actual
FY2035,rev_other_subtotal_gdp_pct,0.8618708552258867,actual
FY2036,rev_other_subtotal_gdp_pct,0.8727709382284374,actual
FY2025,rev_payroll,1748.2939999999999,actual
FY2026,rev_payroll,1825.573,actual
FY2027,rev_payroll,1896.664,actual
FY2028,rev_payroll,1970.1610000000003,actual
FY2029,rev_payroll,2048.466,actual
FY2030,rev_payroll,2131.557,actual
FY2031,rev_payroll,2216.305,actual
FY2032,rev_payroll,2301.5560000000005,actual
FY2033,rev_payroll,2388.562,actual
FY2034,rev_payroll,2477.672,actual
FY2035,rev_payroll,2570.009000000001,actual
FY2036,rev_payroll,2666.0660000000003,actual
FY2025,rev_payroll_gdp_pct,5.758,actual
FY2026,rev_payroll_gdp_pct,5.722,actual
FY2027,rev_payroll_gdp_pct,5.693,actual
FY2028,rev_payroll_gdp_pct,5.683,actual
FY2029,rev_payroll_gdp_pct,5.689,actual
FY2030,rev_payroll_gdp_pct,5.701,actual
FY2031,rev_payroll_gdp_pct,5.71,actual
FY2032,rev_payroll_gdp_pct,5.714,actual
FY2033,rev_payroll_gdp_pct,5.715,actual
FY2034,rev_payroll_gdp_pct,5.712,actual
FY2035,rev_payroll_gdp_pct,5.71,actual
FY2036,rev_payroll_gdp_pct,5.707,actual
FY2025,rev_payroll_medicare,395.35,actual
FY2026,rev_payroll_medicare,414.876,actual
FY2027,rev_payroll_medicare,433.745,actual
FY2028,rev_payroll_medicare,453.211,actual
FY2029,rev_payroll_medicare,472.805,actual
FY2030,rev_payroll_medicare,492.962,actual
FY2031,rev_payroll_medicare,513.314,actual
FY2032,rev_payroll_medicare,534.041,actual
FY2033,rev_payroll_medicare,555.272,actual
FY2034,rev_payroll_medicare,577.183,actual
FY2035,rev_payroll_medicare,599.978,actual
FY2036,rev_payroll_medicare,623.693,actual
FY2025,rev_payroll_other_retire,8.614,actual
FY2026,rev_payroll_other_retire,8.835,actual
FY2027,rev_payroll_other_retire,9.439,actual
FY2028,rev_payroll_other_retire,10.113,actual
FY2029,rev_payroll_other_retire,10.802,actual
FY2030,rev_payroll_other_retire,11.499,actual
FY2031,rev_payroll_other_retire,12.204,actual
FY2032,rev_payroll_other_retire,12.928,actual
FY2033,rev_payroll_other_retire,13.673,actual
FY2034,rev_payroll_other_retire,14.428,actual
FY2035,rev_payroll_other_retire,15.196,actual
FY2036,rev_payroll_other_retire,15.982,actual
FY2025,rev_payroll_railroad,6.546,actual
FY2026,rev_payroll_railroad,6.649,actual
FY2027,rev_payroll_railroad,6.747,actual
FY2028,rev_payroll_railroad,6.842,actual
FY2029,rev_payroll_railroad,6.938,actual
FY2030,rev_payroll_railroad,7.016,actual
FY2031,rev_payroll_railroad,7.081,actual
FY2032,rev_payroll_railroad,7.145,actual
FY2033,rev_payroll_railroad,7.196,actual
FY2034,rev_payroll_railroad,7.432,actual
FY2035,rev_payroll_railroad,7.541,actual
FY2036,rev_payroll_railroad,7.652,actual
FY2025,rev_payroll_ss,1283.736,actual
FY2026,rev_payroll_ss,1350.445,actual
FY2027,rev_payroll_ss,1403.711,actual
FY2028,rev_payroll_ss,1457.594,actual
FY2029,rev_payroll_ss,1515.623,actual
FY2030,rev_payroll_ss,1575.995,actual
FY2031,rev_payroll_ss,1637.695,actual
FY2032,rev_payroll_ss,1699.389,actual
FY2033,rev_payroll_ss,1762.048,actual
FY2034,rev_payroll_ss,1825.863,actual
FY2035,rev_payroll_ss,1892.022,actual
FY2036,rev_payroll_ss,1960.66,actual
FY2025,rev_payroll_total,1748.294,actual
FY2026,rev_payroll_total,1825.573,actual
FY2027,rev_payroll_total,1896.664,actual
FY2028,rev_payroll_total,1970.161,actual
FY2029,rev_payroll_total,2048.466,actual
FY2030,rev_payroll_total,2131.557,actual
FY2031,rev_payroll_total,2216.305,actual
FY2032,rev_payroll_total,2301.556,actual
FY2033,rev_payroll_total,2388.562,actual
FY2034,rev_payroll_total,2477.672,actual
FY2035,rev_payroll_total,2570.009,actual
FY2036,rev_payroll_total,2666.066,actual
FY2025,rev_payroll_ui,54.049,actual
FY2026,rev_payroll_ui,44.768,actual
FY2027,rev_payroll_ui,43.023,actual
FY2028,rev_payroll_ui,42.4,actual
FY2029,rev_payroll_ui,42.298,actual
FY2030,rev_payroll_ui,44.086,actual
FY2031,rev_payroll_ui,46.011,actual
FY2032,rev_payroll_ui,48.053,actual
FY2033,rev_payroll_ui,50.373,actual
FY2034,rev_payroll_ui,52.766,actual
FY2035,rev_payroll_ui,55.272,actual
FY2036,rev_payroll_ui,58.078,actual
FY2025,rev_total,5234.616,actual
FY2026,rev_total,5595.916000000001,actual
FY2027,rev_total,5885.198,actual
FY2028,rev_total,6071.468000000001,actual
FY2029,rev_total,6319.789000000001,actual
FY2030,rev_total,6594.999,actual
FY2031,rev_total,6869.493,actual
FY2032,rev_total,7129.682000000001,actual
FY2033,rev_total,7391.476,actual
FY2034,rev_total,7668.923,actual
FY2035,rev_total,7971.863000000001,actual
FY2036,rev_total,8300.755000000001,actual
FY2025,rev_total_gdp_pct,17.241,actual
FY2026,rev_total_gdp_pct,17.541,actual
FY2027,rev_total_gdp_pct,17.665,actual
FY2028,rev_total_gdp_pct,17.514,actual
FY2029,rev_total_gdp_pct,17.55,actual
FY2030,rev_total_gdp_pct,17.638,actual
FY2031,rev_total_gdp_pct,17.699,actual
FY2032,rev_total_gdp_pct,17.702,actual
FY2033,rev_total_gdp_pct,17.685,actual
FY2034,rev_total_gdp_pct,17.681,actual
FY2035,rev_total_gdp_pct,17.711,actual
FY2036,rev_total_gdp_pct,17.77,actual
