DATAFLOW,FREQ,REF_AREA,SECTOR,COUNTERPART_SECTOR,ACCOUNTING_ENTRY,TRANSACTION,INSTR_ASSET,EXPENDITURE,UNIT_MEASURE,VALUATION,PRICE_BASE,TRANSFORMATION,TABLE_IDENTIFIER,TIME_PERIOD,OBS_VALUE,COUNTERPART_AREA,CONSOLIDATION,REF_YEAR_PRICE,CONF_STATUS,DECIMALS,OBS_STATUS,UNIT_MULT,CURRENCY
OECD.SDD.NAD:DSD_NASEC10@DF_TABLE11(1.1),A,DEU,S13,_Z,D,OTE,_Z,GF03,XDC,S,V,N,T1100,2022,62992,_Z,P,,F,2,P,6,EUR
OECD.SDD.NAD:DSD_NASEC10@DF_TABLE11(1.1),A,DEU,S13,_Z,D,OTE,_Z,GF06,XDC,S,V,N,T1100,2022,18779,_Z,P,,F,2,P,6,EUR
OECD.SDD.NAD:DSD_NASEC10@DF_TABLE11(1.1),A,SWE,S13,_Z,D,OTE,_Z,GF07,XDC,S,V,N,T1100,2022,418273,_Z,P,,F,2,A,6,SEK
OECD.SDD.NAD:DSD_NASEC10@DF_TABLE11(1.1),A,SWE,S13,_Z,D,OTE,_Z,GF09,XDC,S,V,N,T1100,2022,417719,_Z,P,,F,2,A,6,SEK
OECD.SDD.NAD:DSD_NASEC10@DF_TABLE11(1.1),A,SWE,S13,_Z,D,OTE,_Z,GF01,XDC,S,V,N,T1100,2022,299970,_Z,P,,F,2,A,6,SEK
OECD.SDD.NAD:DSD_NASEC10@DF_TABLE11(1.1),A,USA,S13,_Z,D,OTE,_Z,GF01,XDC,S,V,N,T1100,2022,1490974.196,_Z,P,,F,2,A,6,USD
OECD.SDD.NAD:DSD_NASEC10@DF_TABLE11(1.1),A,USA,S13,_Z,D,OTE,_Z,GF08,XDC,S,V,N,T1100,2022,66667.666,_Z,P,,F,2,A,6,USD
OECD.SDD.NAD:DSD_NASEC10@DF_TABLE11(1.1),A,USA,S13,_Z,D,OTE,_Z,GF03,XDC,S,V,N,T1100,2022,479842.514,_Z,P,,F,2,A,6,USD
OECD.SDD.NAD:DSD_NASEC10@DF_TABLE11(1.1),A,USA,S13,_Z,D,OTE,_Z,GF10,XDC,S,V,N,T1100,2022,2163431.605,_Z,P,,F,2,A,6,USD
OECD.SDD.NAD:DSD_NASEC10@DF_TABLE11(1.1),A,USA,S13,_Z,D,OTE,_Z,GF09,XDC,S,V,N,T1100,2022,1475856.37,_Z,P,,F,2,A,6,USD
OECD.SDD.NAD:DSD_NASEC10@DF_TABLE11(1.1),A,USA,S13,_Z,D,OTE,_Z,GF04,XDC,S,V,N,T1100,2022,781385.793,_Z,P,,F,2,A,6,USD
OECD.SDD.NAD:DSD_NASEC10@DF_TABLE11(1.1),A,USA,S13,_Z,D,OTE,_Z,GF02,XDC,S,V,N,T1100,2022,775165.336,_Z,P,,F,2,A,6,USD
OECD.SDD.NAD:DSD_NASEC10@DF_TABLE11(1.1),A,SWE,S13,_Z,D,OTE,_Z,GF10,XDC,S,V,N,T1100,2022,1105941,_Z,P,,F,2,A,6,SEK
OECD.SDD.NAD:DSD_NASEC10@DF_TABLE11(1.1),A,SWE,S13,_Z,D,OTE,_Z,GF08,XDC,S,V,N,T1100,2022,79352,_Z,P,,F,2,A,6,SEK
OECD.SDD.NAD:DSD_NASEC10@DF_TABLE11(1.1),A,AUS,S13,_Z,D,OTE,_Z,GF03,XDC,S,V,N,T1100,2022,49843,_Z,P,,F,2,A,6,AUD
OECD.SDD.NAD:DSD_NASEC10@DF_TABLE11(1.1),A,AUS,S13,_Z,D,OTE,_Z,GF02,XDC,S,V,N,T1100,2022,56704,_Z,P,,F,2,A,6,AUD
OECD.SDD.NAD:DSD_NASEC10@DF_TABLE11(1.1),A,AUS,S13,_Z,D,OTE,_Z,GF09,XDC,S,V,N,T1100,2022,141543,_Z,P,,F,2,A,6,AUD
OECD.SDD.NAD:DSD_NASEC10@DF_TABLE11(1.1),A,SWE,S13,_Z,D,OTE,_Z,GF05,XDC,S,V,N,T1100,2022,36224,_Z,P,,F,2,A,6,SEK
OECD.SDD.NAD:DSD_NASEC10@DF_TABLE11(1.1),A,SWE,S13,_Z,D,OTE,_Z,GF03,XDC,S,V,N,T1100,2022,79835,_Z,P,,F,2,A,6,SEK
OECD.SDD.NAD:DSD_NASEC10@DF_TABLE11(1.1),A,SWE,S13,_Z,D,OTE,_Z,GF04,XDC,S,V,N,T1100,2022,293621,_Z,P,,F,2,A,6,SEK
OECD.SDD.NAD:DSD_NASEC10@DF_TABLE11(1.1),A,SWE,S13,_Z,D,OTE,_Z,GF02,XDC,S,V,N,T1100,2022,98101,_Z,P,,F,2,A,6,SEK
OECD.SDD.NAD:DSD_NASEC10@DF_TABLE11(1.1),A,SWE,S13,_Z,D,OTE,_Z,GF06,XDC,S,V,N,T1100,2022,42294,_Z,P,,F,2,A,6,SEK
OECD.SDD.NAD:DSD_NASEC10@DF_TABLE11(1.1),A,GBR,S13,_Z,D,OTE,_Z,GF09,XDC,S,V,N,T1100,2022,126875,_Z,P,,F,2,A,6,GBP
OECD.SDD.NAD:DSD_NASEC10@DF_TABLE11(1.1),A,GBR,S13,_Z,D,OTE,_Z,GF04,XDC,S,V,N,T1100,2022,117887,_Z,P,,F,2,A,6,GBP
OECD.SDD.NAD:DSD_NASEC10@DF_TABLE11(1.1),A,GBR,S13,_Z,D,OTE,_Z,GF07,XDC,S,V,N,T1100,2022,224484,_Z,P,,F,2,A,6,GBP
OECD.SDD.NAD:DSD_NASEC10@DF_TABLE11(1.1),A,GBR,S13,_Z,D,OTE,_Z,GF10,XDC,S,V,N,T1100,2022,384775,_Z,P,,F,2,A,6,GBP
OECD.SDD.NAD:DSD_NASEC10@DF_TABLE11(1.1),A,GBR,S13,_Z,D,OTE,_Z,GF05,XDC,S,V,N,T1100,2022,17993,_Z,P,,F,2,A,6,GBP
OECD.SDD.NAD:DSD_NASEC10@DF_TABLE11(1.1),A,GBR,S13,_Z,D,OTE,_Z,GF08,XDC,S,V,N,T1100,2022,17545,_Z,P,,F,2,A,6,GBP
OECD.SDD.NAD:DSD_NASEC10@DF_TABLE11(1.1),A,GBR,S13,_Z,D,OTE,_Z,GF01,XDC,S,V,N,T1100,2022,159848,_Z,P,,F,2,A,6,GBP
OECD.SDD.NAD:DSD_NASEC10@DF_TABLE11(1.1),A,GBR,S13,_Z,D,OTE,_Z,GF02,XDC,S,V,N,T1100,2022,55358,_Z,P,,F,2,A,6,GBP
OECD.SDD.NAD:DSD_NASEC10@DF_TABLE11(1.1),A,GBR,S13,_Z,D,OTE,_Z,GF03,XDC,S,V,N,T1100,2022,52740,_Z,P,,F,2,A,6,GBP
OECD.SDD.NAD:DSD_NASEC10@DF_TABLE11(1.1),A,GBR,S13,_Z,D,OTE,_Z,GF06,XDC,S,V,N,T1100,2022,18052,_Z,P,,F,2,A,6,GBP
OECD.SDD.NAD:DSD_NASEC10@DF_TABLE11(1.1),A,USA,S13,_Z,D,OTE,_Z,GF07,XDC,S,V,N,T1100,2022,2642968.524,_Z,P,,F,2,A,6,USD
OECD.SDD.NAD:DSD_NASEC10@DF_TABLE11(1.1),A,USA,S13,_Z,D,OTE,_Z,GF06,XDC,S,V,N,T1100,2022,133482.58,_Z,P,,F,2,A,6,USD
OECD.SDD.NAD:DSD_NASEC10@DF_TABLE11(1.1),A,DEU,S13,_Z,D,OTE,_Z,GF09,XDC,S,V,N,T1100,2022,173973,_Z,P,,F,2,P,6,EUR
OECD.SDD.NAD:DSD_NASEC10@DF_TABLE11(1.1),A,DEU,S13,_Z,D,OTE,_Z,GF04,XDC,S,V,N,T1100,2022,223245,_Z,P,,F,2,P,6,EUR
OECD.SDD.NAD:DSD_NASEC10@DF_TABLE11(1.1),A,DEU,S13,_Z,D,OTE,_Z,GF07,XDC,S,V,N,T1100,2022,329207,_Z,P,,F,2,P,6,EUR
OECD.SDD.NAD:DSD_NASEC10@DF_TABLE11(1.1),A,DEU,S13,_Z,D,OTE,_Z,GF01,XDC,S,V,N,T1100,2022,232877,_Z,P,,F,2,P,6,EUR
OECD.SDD.NAD:DSD_NASEC10@DF_TABLE11(1.1),A,DEU,S13,_Z,D,OTE,_Z,GF02,XDC,S,V,N,T1100,2022,46070,_Z,P,,F,2,P,6,EUR
OECD.SDD.NAD:DSD_NASEC10@DF_TABLE11(1.1),A,DEU,S13,_Z,D,OTE,_Z,GF05,XDC,S,V,N,T1100,2022,20498,_Z,P,,F,2,P,6,EUR
OECD.SDD.NAD:DSD_NASEC10@DF_TABLE11(1.1),A,POL,S13,_Z,D,OTE,_Z,GF04,XDC,S,V,N,T1100,2022,193734.38,_Z,P,,F,2,A,6,PLN
OECD.SDD.NAD:DSD_NASEC10@DF_TABLE11(1.1),A,POL,S13,_Z,D,OTE,_Z,GF06,XDC,S,V,N,T1100,2022,15349.6,_Z,P,,F,2,A,6,PLN
OECD.SDD.NAD:DSD_NASEC10@DF_TABLE11(1.1),A,POL,S13,_Z,D,OTE,_Z,GF08,XDC,S,V,N,T1100,2022,35436.81,_Z,P,,F,2,A,6,PLN
OECD.SDD.NAD:DSD_NASEC10@DF_TABLE11(1.1),A,POL,S13,_Z,D,OTE,_Z,GF01,XDC,S,V,N,T1100,2022,134345.3,_Z,P,,F,2,A,6,PLN
OECD.SDD.NAD:DSD_NASEC10@DF_TABLE11(1.1),A,POL,S13,_Z,D,OTE,_Z,GF05,XDC,S,V,N,T1100,2022,19330.93,_Z,P,,F,2,A,6,PLN
OECD.SDD.NAD:DSD_NASEC10@DF_TABLE11(1.1),A,POL,S13,_Z,D,OTE,_Z,GF02,XDC,S,V,N,T1100,2022,52139.05,_Z,P,,F,2,A,6,PLN
OECD.SDD.NAD:DSD_NASEC10@DF_TABLE11(1.1),A,POL,S13,_Z,D,OTE,_Z,GF03,XDC,S,V,N,T1100,2022,70083.39,_Z,P,,F,2,A,6,PLN
OECD.SDD.NAD:DSD_NASEC10@DF_TABLE11(1.1),A,POL,S13,_Z,D,OTE,_Z,GF09,XDC,S,V,N,T1100,2022,141198.21,_Z,P,,F,2,A,6,PLN
OECD.SDD.NAD:DSD_NASEC10@DF_TABLE11(1.1),A,POL,S13,_Z,D,OTE,_Z,GF10,XDC,S,V,N,T1100,2022,517271.83,_Z,P,,F,2,A,6,PLN
OECD.SDD.NAD:DSD_NASEC10@DF_TABLE11(1.1),A,POL,S13,_Z,D,OTE,_Z,GF07,XDC,S,V,N,T1100,2022,162165.72,_Z,P,,F,2,A,6,PLN
OECD.SDD.NAD:DSD_NASEC10@DF_TABLE11(1.1),A,KOR,S13,_Z,D,OTE,_Z,GF10,XDC,S,V,N,T1100,2022,209580700,_Z,P,,F,2,A,6,KRW
OECD.SDD.NAD:DSD_NASEC10@DF_TABLE11(1.1),A,KOR,S13,_Z,D,OTE,_Z,GF01,XDC,S,V,N,T1100,2022,113067400,_Z,P,,F,2,A,6,KRW
OECD.SDD.NAD:DSD_NASEC10@DF_TABLE11(1.1),A,KOR,S13,_Z,D,OTE,_Z,GF02,XDC,S,V,N,T1100,2022,59261000,_Z,P,,F,2,A,6,KRW
OECD.SDD.NAD:DSD_NASEC10@DF_TABLE11(1.1),A,KOR,S13,_Z,D,OTE,_Z,GF07,XDC,S,V,N,T1100,2022,129332200,_Z,P,,F,2,A,6,KRW
OECD.SDD.NAD:DSD_NASEC10@DF_TABLE11(1.1),A,KOR,S13,_Z,D,OTE,_Z,GF04,XDC,S,V,N,T1100,2022,133083200,_Z,P,,F,2,A,6,KRW
OECD.SDD.NAD:DSD_NASEC10@DF_TABLE11(1.1),A,KOR,S13,_Z,D,OTE,_Z,GF06,XDC,S,V,N,T1100,2022,26897600,_Z,P,,F,2,A,6,KRW
OECD.SDD.NAD:DSD_NASEC10@DF_TABLE11(1.1),A,KOR,S13,_Z,D,OTE,_Z,GF03,XDC,S,V,N,T1100,2022,28378600,_Z,P,,F,2,A,6,KRW
OECD.SDD.NAD:DSD_NASEC10@DF_TABLE11(1.1),A,KOR,S13,_Z,D,OTE,_Z,GF09,XDC,S,V,N,T1100,2022,112534500,_Z,P,,F,2,A,6,KRW
OECD.SDD.NAD:DSD_NASEC10@DF_TABLE11(1.1),A,KOR,S13,_Z,D,OTE,_Z,GF05,XDC,S,V,N,T1100,2022,24583100,_Z,P,,F,2,A,6,KRW
OECD.SDD.NAD:DSD_NASEC10@DF_TABLE11(1.1),A,KOR,S13,_Z,D,OTE,_Z,GF08,XDC,S,V,N,T1100,2022,23603700,_Z,P,,F,2,A,6,KRW
OECD.SDD.NAD:DSD_NASEC10@DF_TABLE11(1.1),A,JPN,S13,_Z,D,OTE,_Z,GF08,XDC,S,V,N,T1100,2022,2249700,_Z,P,,F,2,A,6,JPY
OECD.SDD.NAD:DSD_NASEC10@DF_TABLE11(1.1),A,JPN,S13,_Z,D,OTE,_Z,GF05,XDC,S,V,N,T1100,2022,6322300,_Z,P,,F,2,A,6,JPY
OECD.SDD.NAD:DSD_NASEC10@DF_TABLE11(1.1),A,JPN,S13,_Z,D,OTE,_Z,GF01,XDC,S,V,N,T1100,2022,21069900,_Z,P,,F,2,A,6,JPY
OECD.SDD.NAD:DSD_NASEC10@DF_TABLE11(1.1),A,JPN,S13,_Z,D,OTE,_Z,GF02,XDC,S,V,N,T1100,2022,5270500,_Z,P,,F,2,A,6,JPY
OECD.SDD.NAD:DSD_NASEC10@DF_TABLE11(1.1),A,JPN,S13,_Z,D,OTE,_Z,GF10,XDC,S,V,N,T1100,2022,95339300,_Z,P,,F,2,A,6,JPY
OECD.SDD.NAD:DSD_NASEC10@DF_TABLE11(1.1),A,JPN,S13,_Z,D,OTE,_Z,GF03,XDC,S,V,N,T1100,2022,6797100,_Z,P,,F,2,A,6,JPY
OECD.SDD.NAD:DSD_NASEC10@DF_TABLE11(1.1),A,JPN,S13,_Z,D,OTE,_Z,GF06,XDC,S,V,N,T1100,2022,3525500,_Z,P,,F,2,A,6,JPY
OECD.SDD.NAD:DSD_NASEC10@DF_TABLE11(1.1),A,JPN,S13,_Z,D,OTE,_Z,GF09,XDC,S,V,N,T1100,2022,18883300,_Z,P,,F,2,A,6,JPY
OECD.SDD.NAD:DSD_NASEC10@DF_TABLE11(1.1),A,JPN,S13,_Z,D,OTE,_Z,GF07,XDC,S,V,N,T1100,2022,51268200,_Z,P,,F,2,A,6,JPY
OECD.SDD.NAD:DSD_NASEC10@DF_TABLE11(1.1),A,JPN,S13,_Z,D,OTE,_Z,GF04,XDC,S,V,N,T1100,2022,31083200,_Z,P,,F,2,A,6,JPY
OECD.SDD.NAD:DSD_NASEC10@DF_TABLE11(1.1),A,AUS,S13,_Z,D,OTE,_Z,GF05,XDC,S,V,N,T1100,2022,24087,_Z,P,,F,2,A,6,AUD
OECD.SDD.NAD:DSD_NASEC10@DF_TABLE11(1.1),A,AUS,S13,_Z,D,OTE,_Z,GF01,XDC,S,V,N,T1100,2022,101791,_Z,P,,F,2,A,6,AUD
OECD.SDD.NAD:DSD_NASEC10@DF_TABLE11(1.1),A,AUS,S13,_Z,D,OTE,_Z,GF08,XDC,S,V,N,T1100,2022,23154,_Z,P,,F,2,A,6,AUD
OECD.SDD.NAD:DSD_NASEC10@DF_TABLE11(1.1),A,AUS,S13,_Z,D,OTE,_Z,GF07,XDC,S,V,N,T1100,2022,193401,_Z,P,,F,2,A,6,AUD
OECD.SDD.NAD:DSD_NASEC10@DF_TABLE11(1.1),A,AUS,S13,_Z,D,OTE,_Z,GF10,XDC,S,V,N,T1100,2022,250341,_Z,P,,F,2,A,6,AUD
OECD.SDD.NAD:DSD_NASEC10@DF_TABLE11(1.1),A,AUS,S13,_Z,D,OTE,_Z,GF04,XDC,S,V,N,T1100,2022,133244,_Z,P,,F,2,A,6,AUD
OECD.SDD.NAD:DSD_NASEC10@DF_TABLE11(1.1),A,AUS,S13,_Z,D,OTE,_Z,GF06,XDC,S,V,N,T1100,2022,16505,_Z,P,,F,2,A,6,AUD
OECD.SDD.NAD:DSD_NASEC10@DF_TABLE11(1.1),A,FRA,S13,_Z,D,OTE,_Z,GF07,XDC,S,V,N,T1100,2022,240772.7,_Z,P,,F,2,A,6,EUR
OECD.SDD.NAD:DSD_NASEC10@DF_TABLE11(1.1),A,FRA,S13,_Z,D,OTE,_Z,GF04,XDC,S,V,N,T1100,2022,179788.7,_Z,P,,F,2,A,6,EUR
OECD.SDD.NAD:DSD_NASEC10@DF_TABLE11(1.1),A,FRA,S13,_Z,D,OTE,_Z,GF05,XDC,S,V,N,T1100,2022,27163.2,_Z,P,,F,2,A,6,EUR
OECD.SDD.NAD:DSD_NASEC10@DF_TABLE11(1.1),A,FRA,S13,_Z,D,OTE,_Z,GF03,XDC,S,V,N,T1100,2022,45474.5,_Z,P,,F,2,A,6,EUR
OECD.SDD.NAD:DSD_NASEC10@DF_TABLE11(1.1),A,FRA,S13,_Z,D,OTE,_Z,GF02,XDC,S,V,N,T1100,2022,47675,_Z,P,,F,2,A,6,EUR
OECD.SDD.NAD:DSD_NASEC10@DF_TABLE11(1.1),A,FRA,S13,_Z,D,OTE,_Z,GF10,XDC,S,V,N,T1100,2022,632030.4,_Z,P,,F,2,A,6,EUR
OECD.SDD.NAD:DSD_NASEC10@DF_TABLE11(1.1),A,FRA,S13,_Z,D,OTE,_Z,GF09,XDC,S,V,N,T1100,2022,134016.9,_Z,P,,F,2,A,6,EUR
OECD.SDD.NAD:DSD_NASEC10@DF_TABLE11(1.1),A,FRA,S13,_Z,D,OTE,_Z,GF06,XDC,S,V,N,T1100,2022,31723.7,_Z,P,,F,2,A,6,EUR
OECD.SDD.NAD:DSD_NASEC10@DF_TABLE11(1.1),A,FRA,S13,_Z,D,OTE,_Z,GF08,XDC,S,V,N,T1100,2022,38464.9,_Z,P,,F,2,A,6,EUR
OECD.SDD.NAD:DSD_NASEC10@DF_TABLE11(1.1),A,FRA,S13,_Z,D,OTE,_Z,GF01,XDC,S,V,N,T1100,2022,173221.6,_Z,P,,F,2,A,6,EUR
OECD.SDD.NAD:DSD_NASEC10@DF_TABLE11(1.1),A,NLD,S13,_Z,D,OTE,_Z,GF10,XDC,S,V,N,T1100,2022,156338,_Z,P,,F,2,A,6,EUR
OECD.SDD.NAD:DSD_NASEC10@DF_TABLE11(1.1),A,NLD,S13,_Z,D,OTE,_Z,GF09,XDC,S,V,N,T1100,2022,48327,_Z,P,,F,2,A,6,EUR
OECD.SDD.NAD:DSD_NASEC10@DF_TABLE11(1.1),A,NLD,S13,_Z,D,OTE,_Z,GF07,XDC,S,V,N,T1100,2022,71318,_Z,P,,F,2,A,6,EUR
OECD.SDD.NAD:DSD_NASEC10@DF_TABLE11(1.1),A,NLD,S13,_Z,D,OTE,_Z,GF08,XDC,S,V,N,T1100,2022,11154,_Z,P,,F,2,A,6,EUR
OECD.SDD.NAD:DSD_NASEC10@DF_TABLE11(1.1),A,NLD,S13,_Z,D,OTE,_Z,GF03,XDC,S,V,N,T1100,2022,17909,_Z,P,,F,2,A,6,EUR
OECD.SDD.NAD:DSD_NASEC10@DF_TABLE11(1.1),A,NLD,S13,_Z,D,OTE,_Z,GF06,XDC,S,V,N,T1100,2022,6193,_Z,P,,F,2,A,6,EUR
OECD.SDD.NAD:DSD_NASEC10@DF_TABLE11(1.1),A,NLD,S13,_Z,D,OTE,_Z,GF04,XDC,S,V,N,T1100,2022,55970,_Z,P,,F,2,A,6,EUR
OECD.SDD.NAD:DSD_NASEC10@DF_TABLE11(1.1),A,NLD,S13,_Z,D,OTE,_Z,GF01,XDC,S,V,N,T1100,2022,36190,_Z,P,,F,2,A,6,EUR
OECD.SDD.NAD:DSD_NASEC10@DF_TABLE11(1.1),A,NLD,S13,_Z,D,OTE,_Z,GF05,XDC,S,V,N,T1100,2022,13767,_Z,P,,F,2,A,6,EUR
OECD.SDD.NAD:DSD_NASEC10@DF_TABLE11(1.1),A,NLD,S13,_Z,D,OTE,_Z,GF02,XDC,S,V,N,T1100,2022,12818,_Z,P,,F,2,A,6,EUR
OECD.SDD.NAD:DSD_NASEC10@DF_TABLE11(1.1),A,DEU,S13,_Z,D,OTE,_Z,GF08,XDC,S,V,N,T1100,2022,39782,_Z,P,,F,2,P,6,EUR
OECD.SDD.NAD:DSD_NASEC10@DF_TABLE11(1.1),A,DEU,S13,_Z,D,OTE,_Z,GF10,XDC,S,V,N,T1100,2022,791785,_Z,P,,F,2,P,6,EUR
